objectid,cod_favela,nome,situacao,cod_comple,complexo,data_cadas,cod_bairro,bairro,cod_ra,ra,cod_rp,rp,cod_ap,pop_sabren,dom_sabren,fonte,upp,cod_bair_1,area,shape_Length,shape_Area
1,927,Comendador Lisboa,1,2053,Grota,2009/01/15 00:00:00+00,83,Madureira,15,Madureira,3.3,Madureira,3,141,72,IPP com base em IBGE - Censo Demográfico 2022,,083,4320.87946503,350.780566564615,4320.8794650681
2,926,Parque da Comunidade Vila Arco Íris,1,2092,Colônia Juliano Moreira,2009/01/15 00:00:00+00,115,Jacarepaguá,16,Jacarepaguá,4.1,Jacarepaguá,4,459,173,IPP com base em IBGE - Censo Demográfico 2022,,115,18062.7325199,805.545475738866,18062.7325198627
3,925,Vila Rio Grande,2,0,Isolada,2009/01/15 00:00:00+00,115,Jacarepaguá,16,Jacarepaguá,4.1,Jacarepaguá,4,127,56,IPP com base em IBGE - Censo Demográfico 2022,,115,8776.70158693,400.946769620364,8776.70158697561
4,924,Caminho Novo da Represa,2,0,Isolada,2009/01/15 00:00:00+00,115,Jacarepaguá,16,Jacarepaguá,4.1,Jacarepaguá,4,67,28,IPP com base em IBGE - Censo Demográfico 2022,,115,9498.58661425,612.45113411283,9498.58661415328
5,923,Caminho dos Calharins,2,0,Isolada,2009/01/15 00:00:00+00,115,Jacarepaguá,16,Jacarepaguá,4.1,Jacarepaguá,4,161,54,IPP com base em IBGE - Censo Demográfico 2022,,115,12614.66454762,560.875749740148,12614.6645476425
6,922,Estrada do Pau da Fome,2,0,Isolada,2009/01/15 00:00:00+00,115,Jacarepaguá,16,Jacarepaguá,4.1,Jacarepaguá,4,76,35,IPP com base em IBGE - Censo Demográfico 2022,,115,15430.00841845,935.003716772908,15430.0084185178
7,921,Santa Maria II,2,0,Isolada,2009/01/15 00:00:00+00,115,Jacarepaguá,16,Jacarepaguá,4.1,Jacarepaguá,4,76,25,IPP com base em IBGE - Censo Demográfico 2022,,115,7327.6664827,736.264381369952,7327.66648275644
8,920,Vila O - Conj. Vila Nova Cruzada,1,2101,Via O,2009/01/15 00:00:00+00,115,Jacarepaguá,16,Jacarepaguá,4.1,Jacarepaguá,4,22,8,IPP com base em IBGE - Censo Demográfico 2022,,115,1249.95586217,375.249260257885,1249.95586217814
9,905,Estrada Pedro Borges de Freitas (próxima ao nº 323),2,0,Isolada,2009/01/15 00:00:00+00,76,Irajá,14,Irajá,3.3,Madureira,3,224,78,IPP com base em IBGE - Censo Demográfico 2022,,076,9070.75580131,1707.94170588575,9070.75580130097
10,904,Estrada de Inhoaíba (próxima Lt 02 - Qd 32),2,0,Isolada,2009/01/15 00:00:00+00,146,Inhoaíba,18,Campo Grande,5.2,Campo Grande,5,311,121,IPP com base em IBGE - Censo Demográfico 2022,,146,10136.30603813,412.38258265819,10136.3060381331
11,919,Vila da Conquista,2,0,Isolada,2009/01/15 00:00:00+00,115,Jacarepaguá,16,Jacarepaguá,4.1,Jacarepaguá,4,1059,405,IPP com base em IBGE - Censo Demográfico 2022,,115,47082.95116394,2851.97464040382,47082.9511640802
12,918,Avenida Sampaio Correa,1,2092,Colônia Juliano Moreira,2009/01/15 00:00:00+00,115,Jacarepaguá,16,Jacarepaguá,4.1,Jacarepaguá,4,217,101,IPP com base em IBGE - Censo Demográfico 2022,,115,25228.37057615,909.263825034787,25228.3705762238
13,917,Comunidade Campo da Paz,2,0,Isolada,2009/01/15 00:00:00+00,115,Jacarepaguá,16,Jacarepaguá,4.1,Jacarepaguá,4,459,221,IPP com base em IBGE - Censo Demográfico 2022,,115,14378.72475749,1041.40027036309,14378.7247575546
14,900,"Rua Dona Emilia, nº 5",2,0,Isolada,2009/01/15 00:00:00+00,54,Inhaúma,12,Inhaúma,3.4,Inhaúma,3,33,17,IPP com base em IBGE - Censo Demográfico 2022,,054,4107.42685978,417.291369563076,4107.4268597766
15,916,Caminho do Fincão,2,0,Isolada,2009/01/15 00:00:00+00,115,Jacarepaguá,16,Jacarepaguá,4.1,Jacarepaguá,4,91,31,IPP com base em IBGE - Censo Demográfico 2022,,115,15389.11291154,1339.09206764613,15389.1129115376
16,903,Parque Everest (Rua Arquibui),1,2036,Parque Everest,2009/01/15 00:00:00+00,54,Inhaúma,12,Inhaúma,3.4,Inhaúma,3,35,13,IPP com base em IBGE - Censo Demográfico 2022,,054,3442.17044482,489.97720979438,3442.17044481747
17,915,Caminho da Cachoeira,2,0,Isolada,2009/01/15 00:00:00+00,115,Jacarepaguá,16,Jacarepaguá,4.1,Jacarepaguá,4,143,57,IPP com base em IBGE - Censo Demográfico 2022,,115,21141.49537715,1678.75285878573,21141.4953770393
18,914,Estrada do Rio Pequeno (próxima à rua 1),2,0,Isolada,2009/01/15 00:00:00+00,115,Jacarepaguá,16,Jacarepaguá,4.1,Jacarepaguá,4,87,37,IPP com base em IBGE - Censo Demográfico 2022,,115,6053.15361688,568.9004915092,6053.15361680763
19,913,Avenida Menezes Cortes (com Estrada dos Três Rios),2,0,Isolada,2009/01/15 00:00:00+00,115,Jacarepaguá,16,Jacarepaguá,4.1,Jacarepaguá,4,15,8,IPP com base em IBGE - Censo Demográfico 2022,,115,5986.82190289,658.469518037289,5986.82190269341
20,912,"Avenida Menezes Cortes, nº 12",2,0,Isolada,2009/01/15 00:00:00+00,115,Jacarepaguá,16,Jacarepaguá,4.1,Jacarepaguá,4,109,37,IPP com base em IBGE - Censo Demográfico 2022,,115,5601.07485166,490.872103592967,5601.07485165023
21,911,Antiga Company,1,2083,Jacarezinho,2009/01/15 00:00:00+00,51,Jacaré,13,Méier,3.2,Méier,3,11,5,IPP com base em IBGE - Censo Demográfico 2022,,051,1459.53095925,161.80144878129,1459.5309592523
22,910,"Engenheiro Alberto Moas, próxima ao nº 75",1,2083,Jacarezinho,2009/01/15 00:00:00+00,51,Jacaré,13,Méier,3.2,Méier,3,34,15,IPP com base em IBGE - Censo Demográfico 2022,,051,2461.59528376,274.830508187033,2461.59528375862
23,908,Regata,2,0,Isolada,2009/01/15 00:00:00+00,127,Itanhangá,24,Barra da Tijuca,4.2,Barra da Tijuca,4,1625,793,IPP com base em IBGE - Censo Demográfico 2022,,127,28500.40629711,1168.99429681257,28500.4062971652
24,907,"Estrada de Jacarepaguá, nº 2.679",2,0,Isolada,2009/01/15 00:00:00+00,127,Itanhangá,24,Barra da Tijuca,4.2,Barra da Tijuca,4,39,13,IPP com base em IBGE - Censo Demográfico 2022,,127,4893.47600863,294.860989621103,4893.47600861492
25,906,Nossa Senhora da Apresentação,2,0,Isolada,2009/01/15 00:00:00+00,76,Irajá,14,Irajá,3.3,Madureira,3,486,182,IPP com base em IBGE - Censo Demográfico 2022,,076,14956.66475998,936.66231383929,14956.6647599855
26,902,Casarão,2,0,Isolada,2009/01/15 00:00:00+00,54,Inhaúma,12,Inhaúma,3.4,Inhaúma,3,18,9,IPP com base em IBGE - Censo Demográfico 2022,,054,1487.84359777,158.118799268372,1487.84359779586
27,901,Linha Amarela (acesso à Av. Automóvel Clube),1,2039,Rua Lagoa Redonda,2009/01/15 00:00:00+00,54,Inhaúma,12,Inhaúma,3.4,Inhaúma,3,3,2,IPP com base em IBGE - Censo Demográfico 2022,,054,2678.72449641,251.932527010033,2678.72449641995
28,1002,Mina,2,0,Isolada,2009/01/15 00:00:00+00,150,Sepetiba,19,Santa Cruz,5.3,Santa Cruz,5,180,85,IPP com base em IBGE - Censo Demográfico 2022,,150,13761.26903135,505.715508749657,13761.2690312029
29,899,Granja Avícola Pastoril,2,0,Isolada,2009/01/15 00:00:00+00,151,Guaratiba,26,Guaratiba,5.4,Guaratiba,5,40,19,IPP com base em IBGE - Censo Demográfico 2022,,151,12553.97184777,846.340546308311,12553.9718477095
30,898,Bairro ABC,2,0,Isolada,2009/01/15 00:00:00+00,151,Guaratiba,26,Guaratiba,5.4,Guaratiba,5,17,8,IPP com base em IBGE - Censo Demográfico 2022,,151,5147.8999142,453.184883111937,5147.89991422797
31,897,Travessa dos Vieiras,2,0,Isolada,2009/01/15 00:00:00+00,151,Guaratiba,26,Guaratiba,5.4,Guaratiba,5,73,29,IPP com base em IBGE - Censo Demográfico 2022,,151,4256.96383002,293.645030798314,4256.96383003185
32,896,"Estrada do Mato Alto, nº 5.078",2,0,Isolada,2009/01/15 00:00:00+00,151,Guaratiba,26,Guaratiba,5.4,Guaratiba,5,102,41,IPP com base em IBGE - Censo Demográfico 2022,,151,10152.82842603,525.301421918178,10152.8284260539
33,894,Estrada da Cachamorra,1,2144,Largo do Corrêa 1,2009/01/15 00:00:00+00,151,Guaratiba,26,Guaratiba,5.4,Guaratiba,5,786,329,IPP com base em IBGE - Censo Demográfico 2022,,151,84456.73369659,1634.55352550798,84456.733696593
34,893,"Estrada do Magarça, nº 2.823",1,2143,Estrada do Magarça,2009/01/15 00:00:00+00,151,Guaratiba,26,Guaratiba,5.4,Guaratiba,5,2121,885,IPP com base em IBGE - Censo Demográfico 2022,,151,137857.25635622,2287.4604450074,137857.2563564
35,892,Avenida Silvério,1,2143,Estrada do Magarça,2009/01/15 00:00:00+00,151,Guaratiba,26,Guaratiba,5.4,Guaratiba,5,326,139,IPP com base em IBGE - Censo Demográfico 2022,,151,21007.83938254,852.688447573438,21007.8393825853
36,891,Avenida Silvério (Rua Palhano),1,2143,Estrada do Magarça,2009/01/15 00:00:00+00,151,Guaratiba,26,Guaratiba,5.4,Guaratiba,5,202,76,IPP com base em IBGE - Censo Demográfico 2022,,151,14052.50364734,564.704631532712,14052.5036473576
37,886,Travessa Natal,2,0,Isolada,2009/01/15 00:00:00+00,151,Guaratiba,26,Guaratiba,5.4,Guaratiba,5,45,22,IPP com base em IBGE - Censo Demográfico 2022,,151,2784.95305905,209.431999907476,2784.95305903209
38,1108,Cajueiro,2,0,Isolada,2014/07/01 00:00:00+00,150,Sepetiba,19,Santa Cruz,5.3,Santa Cruz,5,862,405,IPP com base em IBGE - Censo Demográfico 2022,,150,155756.3611306,4985.37643558317,155756.361130708
39,1107,Travessa Claudio Franco,2,0,Isolada,2013/08/09 00:00:00+00,150,Sepetiba,19,Santa Cruz,5.3,Santa Cruz,5,16,12,IPP com base em IBGE - Censo Demográfico 2022,,150,2177.92747811,224.576579399246,2177.92747809051
40,1105,B-1,2,0,Isolada,2011/02/08 00:00:00+00,53,Del Castilho,12,Inhaúma,3.4,Inhaúma,3,212,67,IPP com base em IBGE - Censo Demográfico 2022,,053,5886.53378432,1103.22448554046,5886.53378416624
41,1100,"Rua Pereiro, nº 471",2,0,Isolada,2011/02/08 00:00:00+00,137,Jardim Sulacap,33,Realengo,5.1,Bangu,5,25,16,IPP com base em IBGE - Censo Demográfico 2022,,137,7913.74496889,671.740538438112,7913.74496884521
42,961,Avenida Teixeira de Castro,1,2027,Parque Itambé,2009/01/15 00:00:00+00,41,Ramos,10,Ramos,3.1,Ramos,3,346,144,IPP com base em IBGE - Censo Demográfico 2022,,041,2378.34525609,221.397969057686,2378.34525610189
43,1099,"Rua Camatia, nº 241",2,0,Isolada,2011/02/08 00:00:00+00,121,Pechincha,16,Jacarepaguá,4.1,Jacarepaguá,4,32,14,IPP com base em IBGE - Censo Demográfico 2022,,121,5026.21172495,317.27770298225,5026.21172490121
44,1098,"Rua Albano, nº 252",1,2095,Fazenda Mato Alto,2011/02/08 00:00:00+00,124,Praça Seca,16,Jacarepaguá,4.1,Jacarepaguá,4,51,24,IPP com base em IBGE - Censo Demográfico 2022,,124,4091.77358955,320.992580059537,4091.77358952697
45,1096,"Rua Silva Teles, nº 110",2,0,Isolada,2011/02/08 00:00:00+00,37,Andaraí,9,Vila Isabel,2.2,Tijuca,2,69,30,IPP com base em IBGE - Censo Demográfico 2022,,037,3254.0417725,290.623950992296,3254.04177253983
46,1095,"Rua Coqueiros, nº 10",2,0,Isolada,2011/02/08 00:00:00+00,14,Santa Teresa,23,Santa Teresa,1.1,Centro,1,83,40,IPP com base em IBGE - Censo Demográfico 2022,,014,1952.66465638,200.826237231526,1952.6646563838
47,1104,Higienópolis,2,0,Isolada,2011/02/08 00:00:00+00,149,Santa Cruz,19,Santa Cruz,5.3,Santa Cruz,5,1045,517,IPP com base em IBGE - Censo Demográfico 2022,,149,89419.16964283,6440.00328720018,89419.1696428125
48,1103,Rua Vale do Paraíso,2,0,Isolada,2011/02/08 00:00:00+00,123,Tanque,16,Jacarepaguá,4.1,Jacarepaguá,4,38,18,IPP com base em IBGE - Censo Demográfico 2022,,123,4895.33321693,406.013535692511,4895.33321694522
49,1102,Gouveia,2,0,Isolada,2011/02/08 00:00:00+00,148,Paciência,19,Santa Cruz,5.3,Santa Cruz,5,57,24,IPP com base em IBGE - Censo Demográfico 2022,,148,2658.0434305,304.444246755705,2658.04343045478
50,1101,"Estrada do Boiúna, nº 1546",2,0,Isolada,2011/02/08 00:00:00+00,122,Taquara,16,Jacarepaguá,4.1,Jacarepaguá,4,54,30,IPP com base em IBGE - Censo Demográfico 2022,,122,14578.92047239,1068.49733406018,14578.920472437
51,1094,Rua José Eugênio,2,0,Isolada,2011/02/08 00:00:00+00,10,São Cristóvão,7,São Cristóvão,1.1,Centro,1,20,10,IPP com base em IBGE - Censo Demográfico 2022,,010,2070.3632042,203.729222944441,2070.36320421746
52,1093,Portelinha,1,2147,Marlene,2011/02/08 00:00:00+00,51,Jacaré,13,Méier,3.2,Méier,3,35,15,IPP com base em IBGE - Censo Demográfico 2022,,051,2105.77453631,204.917920247311,2105.77453631676
53,1092,Vila União (RA - Méier),2,0,Isolada,2011/02/08 00:00:00+00,51,Jacaré,13,Méier,3.2,Méier,3,35,15,IPP com base em IBGE - Censo Demográfico 2022,,051,5092.92066848,339.751739710141,5092.92066851325
54,1090,Grefisa,1,2145,Parque Proletário Águia de Ouro,2011/02/08 00:00:00+00,54,Inhaúma,12,Inhaúma,3.4,Inhaúma,3,490,175,IPP com base em IBGE - Censo Demográfico 2022,,054,23783.20468374,820.951315368227,23783.2046836482
55,1089,Estrada Velha da Pavuna - Linha Amarela,2,0,Isolada,2011/02/08 00:00:00+00,50,Higienópolis,12,Inhaúma,3.4,Inhaúma,3,45,22,IPP com base em IBGE - Censo Demográfico 2022,,050,2262.69892786,272.511363836145,2262.69892788143
56,1088,Rua Armando Godói,2,0,Isolada,2011/02/08 00:00:00+00,50,Higienópolis,12,Inhaúma,3.4,Inhaúma,3,31,16,IPP com base em IBGE - Censo Demográfico 2022,,050,2216.60206279,268.266111074089,2216.60206279245
57,1087,Estrada Velha da Pavuna - Rua Sérgio Silva,1,2037,Parque Nova Maracá,2011/02/08 00:00:00+00,55,Engenho da Rainha,12,Inhaúma,3.4,Inhaúma,3,138,65,IPP com base em IBGE - Censo Demográfico 2022,,055,6601.06916109,413.160458668901,6601.06916108283
58,1086,Avenida dos Campeões - Praça Elói de Andrade,2,0,Isolada,2011/02/08 00:00:00+00,41,Ramos,10,Ramos,3.1,Ramos,3,13,6,IPP com base em IBGE - Censo Demográfico 2022,,041,840.55825929,128.482031512334,840.558259240644
59,1085,Castelo de Lucas,2,0,Isolada,2011/02/08 00:00:00+00,47,Parada de Lucas,31,Vigário Geral,3.5,Penha,3,14,7,IPP com base em IBGE - Censo Demográfico 2022,,047,1392.19467219,160.507938062063,1392.19467217594
60,1084,"Rua Venâncio Ribeiro, nº 475",2,0,Isolada,2011/02/08 00:00:00+00,66,Engenho de Dentro,13,Méier,3.2,Méier,3,47,23,IPP com base em IBGE - Censo Demográfico 2022,,066,2562.15518805,227.017977622221,2562.15518804101
61,1083,Rua José Braga,1,2095,Fazenda Mato Alto,2011/02/08 00:00:00+00,123,Tanque,16,Jacarepaguá,4.1,Jacarepaguá,4,22,10,IPP com base em IBGE - Censo Demográfico 2022,,123,2466.64989128,224.153646404948,2466.64989128996
62,1081,Comunidade do Ecoponto,1,2126,Jardim Nossa Senhora das Graças,2009/05/14 00:00:00+00,144,Campo Grande,18,Campo Grande,5.2,Campo Grande,5,89,27,IPP com base em IBGE - Censo Demográfico 2022,,144,3773.23348492,249.606712514834,3773.23348493391
63,1078,Avenida do Corretor,2,0,Isolada,2009/05/14 00:00:00+00,141,Bangu,17,Bangu,5.1,Bangu,5,207,81,IPP com base em IBGE - Censo Demográfico 2022,,141,10810.83299853,1040.62044417007,10810.8329985407
64,1074,"Rua São Paulo, nº 114",2,0,Isolada,2009/05/14 00:00:00+00,60,Sampaio,13,Méier,3.2,Méier,3,30,14,IPP com base em IBGE - Censo Demográfico 2022,,060,2701.4043585,414.394802814796,2701.40435846491
65,1073,"Rua Valentim da Fonseca, nº 57",2,0,Isolada,2009/05/14 00:00:00+00,60,Sampaio,13,Méier,3.2,Méier,3,117,51,IPP com base em IBGE - Censo Demográfico 2022,,060,6537.12844842,454.613904642048,6537.1284484257
66,1072,Vila Casarão,2,0,Isolada,2009/05/14 00:00:00+00,57,São Francisco Xavier,13,Méier,3.2,Méier,3,80,37,IPP com base em IBGE - Censo Demográfico 2022,,057,2446.97157395,229.070682639246,2446.97157395302
67,1071,Pousada dos Cavalheiros,2,0,Isolada,2009/05/14 00:00:00+00,143,Santíssimo,18,Campo Grande,5.2,Campo Grande,5,77,27,IPP com base em IBGE - Censo Demográfico 2022,,143,7143.9482993,448.614566846719,7143.94829932922
68,1070,Recanto dos Pássaros,2,0,Isolada,2009/05/15 00:00:00+00,144,Campo Grande,18,Campo Grande,5.2,Campo Grande,5,77,32,IPP com base em IBGE - Censo Demográfico 2022,,144,4791.97179162,397.499684639878,4791.97179159064
69,1069,Vila Santa Teresa,1,2071,Parque Criança Esperança,2009/05/13 00:00:00+00,106,Guadalupe,22,Anchieta,3.6,Pavuna,3,27,13,IPP com base em IBGE - Censo Demográfico 2022,,106,2523.86707255,273.110969201115,2523.86707246283
70,1067,Drª. Maria Estrela,2,0,Isolada,2009/05/13 00:00:00+00,141,Bangu,17,Bangu,5.1,Bangu,5,41,18,IPP com base em IBGE - Censo Demográfico 2022,,141,4800.97167987,406.217216664136,4800.97167985071
71,1066,Vila Esperança (RA - Realengo),1,2113,Vila do Vintém,2009/05/13 00:00:00+00,139,Realengo,33,Realengo,5.1,Bangu,5,406,154,IPP com base em IBGE - Censo Demográfico 2022,,139,17442.84740117,804.151847253486,17442.8474012887
72,1065,Travessa do Jagunço,1,2074,Araguatins,2009/05/13 00:00:00+00,114,Pavuna,25,Pavuna,3.6,Pavuna,3,68,30,IPP com base em IBGE - Censo Demográfico 2022,,114,2075.27844949,439.137791624588,2075.27844944052
73,1047,A. M. São Sebastião,1,2090,Barão,2009/03/27 00:00:00+00,124,Praça Seca,16,Jacarepaguá,4.1,Jacarepaguá,4,26,13,IPP com base em IBGE - Censo Demográfico 2022,,124,3058.97907792,221.10947314736,3058.9790778866
74,1039,"Estrada do Catonho, nº14",2,0,Isolada,2009/03/24 00:00:00+00,137,Jardim Sulacap,33,Realengo,5.1,Bangu,5,77,35,IPP com base em IBGE - Censo Demográfico 2022,,137,5948.78949645,473.795485686303,5948.78949645918
75,1064,Deus é Vida,1,2071,Parque Criança Esperança,2009/05/13 00:00:00+00,106,Guadalupe,22,Anchieta,3.6,Pavuna,3,40,22,IPP com base em IBGE - Censo Demográfico 2022,,106,6971.94811901,713.145052677463,6971.94811905127
76,1063,Vida Nova,2,0,Isolada,2009/05/13 00:00:00+00,111,Acari,25,Pavuna,3.6,Pavuna,3,1305,518,IPP com base em IBGE - Censo Demográfico 2022,,111,43262.57467008,1081.69544493325,43262.5746700023
77,1061,Barbante (Av. Sargento de Milícias),2,0,Isolada,2009/05/13 00:00:00+00,114,Pavuna,25,Pavuna,3.6,Pavuna,3,219,100,IPP com base em IBGE - Censo Demográfico 2022,,114,4241.31760626,290.438472045001,4241.31760625745
78,1062,"Rua Embaú, nº 425",1,2079,Parque Unidos,2009/05/13 00:00:00+00,114,Pavuna,25,Pavuna,3.6,Pavuna,3,170,67,IPP com base em IBGE - Censo Demográfico 2022,,114,10761.44464741,465.453360861132,10761.4446473475
79,1060,Caninaré,1,2061,Bairro Nossa Senhora das Graças,2009/05/13 00:00:00+00,93,Cacuia,20,Ilha do Governador,3.7,Ilha do Governador,3,198,97,IPP com base em IBGE - Censo Demográfico 2022,,093,9493.38110044,543.065188415684,9493.3811004594
80,1059,Vila Porta do Céu,1,2122,Vila Porta do Céu,2009/05/13 00:00:00+00,141,Bangu,17,Bangu,5.1,Bangu,5,856,313,IPP com base em IBGE - Censo Demográfico 2022,,141,33368.09826502,1239.95340299945,33368.0982650533
81,1057,Vila Padre Angelo,1,2041,Dois de Maio,2009/03/27 00:00:00+00,61,Engenho Novo,13,Méier,3.2,Méier,3,46,19,IPP com base em IBGE - Censo Demográfico 2022,,061,1630.62849528,249.70340531737,1630.62849525675
82,1044,Vila Taboinha,2,0,Isolada,2009/03/24 00:00:00+00,131,Vargem Grande,24,Barra da Tijuca,4.2,Barra da Tijuca,4,1269,589,IPP com base em IBGE - Censo Demográfico 2022,,131,48082.86481432,1032.86392226441,48082.8648144133
83,1043,"Estrada de Jacarepaguá, nº 6.590",2,0,Isolada,2009/03/24 00:00:00+00,116,Anil,16,Jacarepaguá,4.1,Jacarepaguá,4,11,5,IPP com base em IBGE - Censo Demográfico 2022,,116,2001.96001654,200.183204219108,2001.96001651778
84,1056,Comunidade da Favelinha,2,0,Isolada,2009/03/27 00:00:00+00,142,Senador Camará,17,Bangu,5.1,Bangu,5,2171,930,IPP com base em IBGE - Censo Demográfico 2022,,142,154586.7732493,4374.45687886363,154586.773249419
85,1055,"Rua Álvaro Ramos, nº 535",2,0,Isolada,2009/03/27 00:00:00+00,20,Botafogo,4,Botafogo,2.1,Zona Sul,2,88,46,IPP com base em IBGE - Censo Demográfico 2022,,020,4018.42855445,287.613730928612,4018.42855445631
86,1054,"Rua Álvaro Ramos, nº 499",2,0,Isolada,2009/03/27 00:00:00+00,20,Botafogo,4,Botafogo,2.1,Zona Sul,2,38,20,IPP com base em IBGE - Censo Demográfico 2022,,020,2073.70604099,276.612343228825,2073.70604099528
87,1053,São Diogo,2,0,Isolada,2009/03/27 00:00:00+00,3,Santo Cristo,1,Portuária,1.1,Centro,1,162,71,IPP com base em IBGE - Censo Demográfico 2022,,003,4765.14515501,377.779644715318,4765.14515499913
88,1052,Vila do Mexicano,2,0,Isolada,2009/03/27 00:00:00+00,4,Caju,1,Portuária,1.1,Centro,1,991,428,IPP com base em IBGE - Censo Demográfico 2022,,004,11859.05742378,733.526009904899,11859.0574238202
89,1051,Vila da Paz (RA - Méier),2,0,Isolada,2009/03/27 00:00:00+00,57,São Francisco Xavier,13,Méier,3.2,Méier,3,58,32,IPP com base em IBGE - Censo Demográfico 2022,,057,5175.62213512,372.321260684731,5175.62213509065
90,1050,Vila Angela,1,2041,Dois de Maio,2009/03/27 00:00:00+00,61,Engenho Novo,13,Méier,3.2,Méier,3,130,51,IPP com base em IBGE - Censo Demográfico 2022,,061,3556.25837712,649.619138340828,3556.25837702036
91,1049,Comunidade do Pedrosa,1,2038,Parque União de Del Castilho,2009/03/27 00:00:00+00,53,Del Castilho,12,Inhaúma,3.4,Inhaúma,3,1288,583,IPP com base em IBGE - Censo Demográfico 2022,,053,13197.13853131,523.750715319318,13197.1385312758
92,1048,"Rua Jaú, nº 25",2,0,Isolada,2009/03/27 00:00:00+00,62,Lins de Vasconscelos,13,Méier,3.2,Méier,3,135,65,IPP com base em IBGE - Censo Demográfico 2022,,062,4315.65837504,368.356684819427,4315.65837506337
93,1038,A.M. Amigos dos Teixeiras,2,0,Isolada,2009/03/24 00:00:00+00,139,Realengo,33,Realengo,5.1,Bangu,5,574,260,IPP com base em IBGE - Censo Demográfico 2022,,139,38528.56153883,1526.54829540821,38528.5615388379
94,1036,Vista da Pedra,2,0,Isolada,2009/03/24 00:00:00+00,130,Vargem Pequena,24,Barra da Tijuca,4.2,Barra da Tijuca,4,105,51,IPP com base em IBGE - Censo Demográfico 2022,,130,4498.70084207,456.943880639578,4498.70084205073
95,1035,"Rua Paulo Roberto Matheus, Lote 7",2,0,Isolada,2009/03/24 00:00:00+00,130,Vargem Pequena,24,Barra da Tijuca,4.2,Barra da Tijuca,4,136,61,IPP com base em IBGE - Censo Demográfico 2022,,130,9197.40526944,595.556987995867,9197.40526940669
96,1034,Da Curva,2,0,Isolada,2009/03/24 00:00:00+00,131,Vargem Grande,24,Barra da Tijuca,4.2,Barra da Tijuca,4,43,19,IPP com base em IBGE - Censo Demográfico 2022,,131,12788.2910892,879.951088227606,12788.2910892197
97,1033,"Estrada do Tingui, nº 2.370",2,0,Isolada,2009/03/24 00:00:00+00,144,Campo Grande,18,Campo Grande,5.2,Campo Grande,5,27,11,IPP com base em IBGE - Censo Demográfico 2022,,144,3332.63343845,358.861648981684,3332.63343845472
98,1032,Travessa Dois Irmãos,2,0,Isolada,2009/03/23 00:00:00+00,151,Guaratiba,26,Guaratiba,5.4,Guaratiba,5,41,20,IPP com base em IBGE - Censo Demográfico 2022,,151,10489.76027268,750.63074917018,10489.7602727005
99,1031,Rua do Sol,1,2125,Jardim Monteiro,2009/03/23 00:00:00+00,144,Campo Grande,18,Campo Grande,5.2,Campo Grande,5,81,40,IPP com base em IBGE - Censo Demográfico 2022,,144,5481.70375584,343.65065106329,5481.70375586116
100,1030,Travessa Poeraba,2,0,Isolada,2009/03/23 00:00:00+00,146,Inhoaíba,18,Campo Grande,5.2,Campo Grande,5,123,47,IPP com base em IBGE - Censo Demográfico 2022,,146,11689.37589072,508.355963037453,11689.3758906848
101,1029,"Rua Poerada, Lotes 39 e 40",2,0,Isolada,2009/03/23 00:00:00+00,146,Inhoaíba,18,Campo Grande,5.2,Campo Grande,5,79,40,IPP com base em IBGE - Censo Demográfico 2022,,146,4854.21163771,382.079596427465,4854.21163766993
102,1016,Vila Presidencial Quiririm,1,2099,Rua Luiz Beltrão,2009/01/15 00:00:00+00,125,Vila Valqueire,16,Jacarepaguá,4.1,Jacarepaguá,4,74,39,IPP com base em IBGE - Censo Demográfico 2022,,125,6167.55842073,385.932818147203,6167.55842077067
103,885,Estrada da Pedra VII,2,0,Isolada,2009/01/15 00:00:00+00,151,Guaratiba,26,Guaratiba,5.4,Guaratiba,5,17,8,IPP com base em IBGE - Censo Demográfico 2022,,151,2732.56588113,224.19926286509,2732.56588110491
104,986,Vila Santa Bárbara,2,0,Isolada,2009/01/15 00:00:00+00,14,Santa Teresa,23,Santa Teresa,1.1,Centro,1,204,76,IPP com base em IBGE - Censo Demográfico 2022,,014,3079.50523879,253.509659794606,3079.50523880344
105,1028,Flama,1,2135,Linha de Austin,2009/03/16 00:00:00+00,148,Paciência,19,Santa Cruz,5.3,Santa Cruz,5,732,296,IPP com base em IBGE - Censo Demográfico 2022,,148,45130.25891351,2179.96155127039,45130.2589135402
106,1027,Jardim Gramado,1,2135,Linha de Austin,2009/03/16 00:00:00+00,148,Paciência,19,Santa Cruz,5.3,Santa Cruz,5,1237,568,IPP com base em IBGE - Censo Demográfico 2022,,148,95545.51287207,1979.42115661475,95545.5128720901
107,1026,A. M. Mário Larrubia,2,0,Isolada,2009/03/16 00:00:00+00,151,Guaratiba,26,Guaratiba,5.4,Guaratiba,5,291,125,IPP com base em IBGE - Censo Demográfico 2022,,151,29883.67994333,1554.72570415755,29883.6799432632
108,1025,Manguariba III,2,0,Isolada,2009/03/16 00:00:00+00,148,Paciência,19,Santa Cruz,5.3,Santa Cruz,5,670,240,IPP com base em IBGE - Censo Demográfico 2022,,148,44617.7955878,1353.48286045192,44617.7955877183
109,1015,"Rua Jangada, nº 230",2,0,Isolada,2009/01/15 00:00:00+00,72,Vila Kosmos,14,Irajá,3.3,Madureira,3,41,23,IPP com base em IBGE - Censo Demográfico 2022,,072,3025.01064869,434.786108947314,3025.01064865098
110,1014,"Rua Jangada, L21fds",2,0,Isolada,2009/01/15 00:00:00+00,72,Vila Kosmos,14,Irajá,3.3,Madureira,3,39,19,IPP com base em IBGE - Censo Demográfico 2022,,072,2508.2543588,217.559178163472,2508.25435877735
111,1024,Renascer,1,2138,Saquaçu,2009/03/16 00:00:00+00,149,Santa Cruz,19,Santa Cruz,5.3,Santa Cruz,5,1147,471,IPP com base em IBGE - Censo Demográfico 2022,,149,95706.28138527,2659.38459875947,95706.2813852709
112,1022,Rua Vídeo,1,2137,Pantanal (RA - Santa Cruz),2009/03/16 00:00:00+00,149,Santa Cruz,19,Santa Cruz,5.3,Santa Cruz,5,305,127,IPP com base em IBGE - Censo Demográfico 2022,,149,25623.16818345,1357.5046323674,25623.1681835379
113,878,Estrada da Pedra II,2,0,Isolada,2009/01/15 00:00:00+00,151,Guaratiba,26,Guaratiba,5.4,Guaratiba,5,117,60,IPP com base em IBGE - Censo Demográfico 2022,,151,10234.98064272,536.058891173786,10234.9806427322
114,1021,Mario Loroza,2,0,Isolada,2009/03/16 00:00:00+00,149,Santa Cruz,19,Santa Cruz,5.3,Santa Cruz,5,575,234,IPP com base em IBGE - Censo Demográfico 2022,,149,47386.43199301,1487.54890722611,47386.4319929325
115,1020,Avenida 5 - Tijolinho,2,0,Isolada,2009/03/16 00:00:00+00,150,Sepetiba,19,Santa Cruz,5.3,Santa Cruz,5,24,12,IPP com base em IBGE - Censo Demográfico 2022,,150,6798.02690394,825.171905530355,6798.02690409135
116,1018,Caminho do Outeiro,2,0,Isolada,2009/01/15 00:00:00+00,115,Jacarepaguá,16,Jacarepaguá,4.1,Jacarepaguá,4,52,30,IPP com base em IBGE - Censo Demográfico 2022,,115,2503.54343576,238.212700721398,2503.54343574616
117,1017,"Ladeira dos Tabajaras, nº 256",1,2019,Morro dos Cabritos,2009/01/15 00:00:00+00,24,Copacabana,5,Copacabana,2.1,Zona Sul,2,297,133,IPP com base em IBGE - Censo Demográfico 2022,,024,6451.4812421,553.11369643545,6451.48124210356
118,1013,"Avenida Automóvel Clube, nº 5.002",2,0,Isolada,2009/01/15 00:00:00+00,72,Vila Kosmos,14,Irajá,3.3,Madureira,3,14,7,IPP com base em IBGE - Censo Demográfico 2022,,072,1548.45305515,208.984225520654,1548.45305514259
119,1012,Comunidade Luz Divina,2,0,Isolada,2009/01/15 00:00:00+00,130,Vargem Pequena,24,Barra da Tijuca,4.2,Barra da Tijuca,4,53,30,IPP com base em IBGE - Censo Demográfico 2022,,130,4136.74770587,456.172412852608,4136.74770590122
120,1011,"Rua Zenitildes Alves Meira, nº L33",2,0,Isolada,2009/01/15 00:00:00+00,131,Vargem Grande,24,Barra da Tijuca,4.2,Barra da Tijuca,4,26,10,IPP com base em IBGE - Censo Demográfico 2022,,131,2978.94372648,403.866973340701,2978.94403694832
121,1001,Morro da Faxina,2,0,Isolada,2009/01/15 00:00:00+00,150,Sepetiba,19,Santa Cruz,5.3,Santa Cruz,5,149,58,IPP com base em IBGE - Censo Demográfico 2022,,150,11380.32039561,492.569864969043,11380.3203954914
122,1000,"Rua da Vala do Major Freitas, nº 329",2,0,Isolada,2009/01/15 00:00:00+00,150,Sepetiba,19,Santa Cruz,5.3,Santa Cruz,5,36,17,IPP com base em IBGE - Censo Demográfico 2022,,150,7293.45973451,490.631255403084,7293.45973452254
123,985,Estrada Joaquim Mamede,2,0,Isolada,2009/01/15 00:00:00+00,14,Santa Teresa,23,Santa Teresa,1.1,Centro,1,21,10,IPP com base em IBGE - Censo Demográfico 2022,,014,4468.6553572,288.000783241179,4468.65535717028
124,1010,Comunidade Novo Lar,2,0,Isolada,2009/01/15 00:00:00+00,130,Vargem Pequena,24,Barra da Tijuca,4.2,Barra da Tijuca,4,629,279,IPP com base em IBGE - Censo Demográfico 2022,,130,23733.46673222,1194.53588459216,23733.4667322282
125,1009,Rocha Miranda,2,0,Isolada,2009/01/15 00:00:00+00,33,Tijuca,8,Tijuca,2.2,Tijuca,2,102,47,IPP com base em IBGE - Censo Demográfico 2022,,033,7673.3685623,380.946526317072,7673.36856226306
126,1008,Beco da Coruja,2,0,Isolada,2009/01/15 00:00:00+00,33,Tijuca,8,Tijuca,2.2,Tijuca,2,210,79,IPP com base em IBGE - Censo Demográfico 2022,,033,5731.09131625,452.462898205925,5731.09131630599
127,1007,Lote 1.000,2,0,Isolada,2009/01/15 00:00:00+00,122,Taquara,16,Jacarepaguá,4.1,Jacarepaguá,4,385,176,IPP com base em IBGE - Censo Demográfico 2022,,122,19860.7859102,656.784631166377,19860.7859102395
128,1006,Estrada Meringuava,2,0,Isolada,2009/01/15 00:00:00+00,122,Taquara,16,Jacarepaguá,4.1,Jacarepaguá,4,88,41,IPP com base em IBGE - Censo Demográfico 2022,,122,1500.11896482,165.1897898716,1500.11896483433
129,1005,Comunidade Corumau,1,2100,Shangrilá,2009/01/15 00:00:00+00,122,Taquara,16,Jacarepaguá,4.1,Jacarepaguá,4,1214,561,IPP com base em IBGE - Censo Demográfico 2022,,122,28491.67962767,651.275578860012,28491.6796277484
130,1004,"Estrada do Boiúna, nº 1.118",2,0,Isolada,2009/01/15 00:00:00+00,122,Taquara,16,Jacarepaguá,4.1,Jacarepaguá,4,84,39,IPP com base em IBGE - Censo Demográfico 2022,,122,6468.12589451,496.310089020696,6468.12589452688
131,1003,"Estrada do Boiúna, nº 2.354",2,0,Isolada,2009/01/15 00:00:00+00,122,Taquara,16,Jacarepaguá,4.1,Jacarepaguá,4,107,55,IPP com base em IBGE - Censo Demográfico 2022,,122,11819.44753807,991.862337229089,11819.4475380934
132,999,Rua da Vala do Major Freitas,2,0,Isolada,2009/01/15 00:00:00+00,150,Sepetiba,19,Santa Cruz,5.3,Santa Cruz,5,331,147,IPP com base em IBGE - Censo Demográfico 2022,,150,26107.3281458,1012.0279693764,26107.3281458559
133,998,Marcondes da Luz,1,2127,Marcondes da Luz,2009/01/15 00:00:00+00,145,Senador Vasconcelos,18,Campo Grande,5.2,Campo Grande,5,497,211,IPP com base em IBGE - Censo Demográfico 2022,,145,26287.3093119,704.835495749048,26287.309311876
134,997,"Avenida Joaquim Magalhães, nº 499",1,2127,Marcondes da Luz,2009/01/15 00:00:00+00,145,Senador Vasconcelos,18,Campo Grande,5.2,Campo Grande,5,78,40,IPP com base em IBGE - Censo Demográfico 2022,,145,2709.92235919,215.157114492304,2709.92235918389
135,996,Caruba,2,0,Isolada,2009/01/15 00:00:00+00,145,Senador Vasconcelos,18,Campo Grande,5.2,Campo Grande,5,100,40,IPP com base em IBGE - Censo Demográfico 2022,,145,3800.08953387,722.874372433254,3800.08953375808
136,995,Serra Verde,2,0,Isolada,2009/01/15 00:00:00+00,145,Senador Vasconcelos,18,Campo Grande,5.2,Campo Grande,5,274,119,IPP com base em IBGE - Censo Demográfico 2022,,145,19186.24680423,1169.61112372802,19186.2468041644
137,980,Rio - Santos,2,0,Isolada,2009/01/15 00:00:00+00,149,Santa Cruz,19,Santa Cruz,5.3,Santa Cruz,5,147,58,IPP com base em IBGE - Censo Demográfico 2022,,149,10429.82404974,570.200980581374,10429.8240497599
138,994,Estrada Duarte Nunes (em frente ao nº 97),1,2127,Marcondes da Luz,2009/01/15 00:00:00+00,145,Senador Vasconcelos,18,Campo Grande,5.2,Campo Grande,5,190,71,IPP com base em IBGE - Censo Demográfico 2022,,145,12917.73549145,714.353307271719,12917.7354914704
139,993,"Rua São Francisco Xavier, nº 749",2,0,Isolada,2009/01/15 00:00:00+00,57,São Francisco Xavier,13,Méier,3.2,Méier,3,18,10,IPP com base em IBGE - Censo Demográfico 2022,,057,3571.9677787,403.176997195982,3571.96777869126
140,992,Rua Bartolomeu Gusmão,1,2009,Mangueira (RA - São Cristóvão),2009/01/15 00:00:00+00,10,São Cristóvão,7,São Cristóvão,1.1,Centro,1,850,309,IPP com base em IBGE - Censo Demográfico 2022,,010,16429.90542998,927.835971187888,16429.905430089
141,969,"Rua Itaporanga, nº 175",1,2109,Batam,2009/01/15 00:00:00+00,139,Realengo,33,Realengo,5.1,Bangu,5,87,38,IPP com base em IBGE - Censo Demográfico 2022,,139,4771.65340223,278.696723617868,4771.65340219441
142,991,Vila Miséria,2,0,Isolada,2009/01/15 00:00:00+00,10,São Cristóvão,7,São Cristóvão,1.1,Centro,1,1573,716,IPP com base em IBGE - Censo Demográfico 2022,,010,22073.18987449,1574.54501698021,22073.1898745229
143,990,Estrada do Lameirão,2,0,Isolada,2009/01/15 00:00:00+00,143,Santíssimo,18,Campo Grande,5.2,Campo Grande,5,102,44,IPP com base em IBGE - Censo Demográfico 2022,,143,8497.94382684,674.203036434645,8497.94382687596
144,989,Rua Paulo Martins (próxima ao Lt 12 - Qd B),2,0,Isolada,2009/01/15 00:00:00+00,143,Santíssimo,18,Campo Grande,5.2,Campo Grande,5,8,4,IPP com base em IBGE - Censo Demográfico 2022,,143,918.64193361,180.875881991331,918.641933615332
145,962,Avenida Brasil,1,2027,Parque Itambé,2009/01/15 00:00:00+00,41,Ramos,10,Ramos,3.1,Ramos,3,1422,587,IPP com base em IBGE - Censo Demográfico 2022,,041,16306.00928444,666.595223413038,16306.0092844606
146,988,Rua Anes Dias,1,2118,Fazenda Coqueiro,2009/01/15 00:00:00+00,143,Santíssimo,18,Campo Grande,5.2,Campo Grande,5,172,63,IPP com base em IBGE - Censo Demográfico 2022,,143,31121.58239176,1687.54796902807,31121.5823917464
147,987,Estrada da Posse,2,0,Isolada,2009/01/15 00:00:00+00,143,Santíssimo,18,Campo Grande,5.2,Campo Grande,5,59,24,IPP com base em IBGE - Censo Demográfico 2022,,143,7484.57516867,386.627143226857,7484.57516871324
148,879,Estrada da Pedra III,2,0,Isolada,2009/01/15 00:00:00+00,151,Guaratiba,26,Guaratiba,5.4,Guaratiba,5,54,24,IPP com base em IBGE - Censo Demográfico 2022,,151,4144.77959336,307.681424995213,4144.77959333274
149,984,Bairro Canaã,1,2134,Bairro Canaã,2009/01/15 00:00:00+00,149,Santa Cruz,19,Santa Cruz,5.3,Santa Cruz,5,549,217,IPP com base em IBGE - Censo Demográfico 2022,,149,62244.42248082,1751.20096360056,62244.4224806899
150,982,Conjunto Antares (Rua Cybber Porto de Mendonça),1,2137,Pantanal (RA - Santa Cruz),2009/01/15 00:00:00+00,149,Santa Cruz,19,Santa Cruz,5.3,Santa Cruz,5,261,163,IPP com base em IBGE - Censo Demográfico 2022,,149,7950.79717363,2769.45439017739,7950.7971738181
151,981,Jardim Coqueiral,1,2138,Saquaçu,2009/01/15 00:00:00+00,149,Santa Cruz,19,Santa Cruz,5.3,Santa Cruz,5,920,374,IPP com base em IBGE - Censo Demográfico 2022,,149,95314.8872636,2134.61158182036,95314.8872635675
152,979,Comunidade Jardim da Vitória,2,0,Isolada,2009/01/15 00:00:00+00,149,Santa Cruz,19,Santa Cruz,5.3,Santa Cruz,5,1399,667,IPP com base em IBGE - Censo Demográfico 2022,,149,127746.7708331,2059.14248837299,127746.770833091
153,978,Nova Palestina,1,2134,Bairro Canaã,2009/01/15 00:00:00+00,149,Santa Cruz,19,Santa Cruz,5.3,Santa Cruz,5,185,76,IPP com base em IBGE - Censo Demográfico 2022,,149,15913.38143222,691.534195321104,15913.3814322189
154,976,Matinha (RA - Rocinha),2,0,Isolada,2009/01/15 00:00:00+00,154,Rocinha,27,Rocinha,2.1,Zona Sul,2,21,10,IPP com base em IBGE - Censo Demográfico 2022,,154,2250.96288566,287.35402721828,2250.96288564811
155,974,Avenida Guiomar Novaes,2,0,Isolada,2009/01/15 00:00:00+00,132,Recreio dos Bandeirantes,24,Barra da Tijuca,4.2,Barra da Tijuca,4,159,59,IPP com base em IBGE - Censo Demográfico 2022,,132,1489.69018065,233.666188670815,1489.69018063476
156,973,"Estrada do Pontal, nº 3.561",2,0,Isolada,2009/01/15 00:00:00+00,132,Recreio dos Bandeirantes,24,Barra da Tijuca,4.2,Barra da Tijuca,4,38,12,IPP com base em IBGE - Censo Demográfico 2022,,132,1544.76631551,169.330552010989,1544.76631550548
157,972,Canecão,2,0,Isolada,2009/01/15 00:00:00+00,139,Realengo,33,Realengo,5.1,Bangu,5,155,68,IPP com base em IBGE - Censo Demográfico 2022,,139,18526.72825305,2053.65156609148,18526.7282530798
158,960,Amigos da Aerobita,1,2090,Barão,2009/01/15 00:00:00+00,124,Praça Seca,16,Jacarepaguá,4.1,Jacarepaguá,4,170,87,IPP com base em IBGE - Censo Demográfico 2022,,124,13636.17200565,993.330389368857,13636.1720056086
159,938,Rua Pistóia,1,2137,Pantanal (RA - Santa Cruz),2009/01/15 00:00:00+00,148,Paciência,19,Santa Cruz,5.3,Santa Cruz,5,11,2,IPP com base em IBGE - Censo Demográfico 2022,,148,3268.2567336,310.176775295431,3268.25673353388
160,971,"Rua Duarte Coelho de Albuquerque, nº 184",2,0,Isolada,2009/01/15 00:00:00+00,139,Realengo,33,Realengo,5.1,Bangu,5,884,345,IPP com base em IBGE - Censo Demográfico 2022,,139,42197.3240442,1770.61008673225,42197.324044307
161,970,Avenida Brasil (Bairro Batam),2,0,Isolada,2009/01/15 00:00:00+00,139,Realengo,33,Realengo,5.1,Bangu,5,62,25,IPP com base em IBGE - Censo Demográfico 2022,,139,6416.17891862,351.792486649529,6416.17891860062
162,968,Vila Alzira,1,2115,Vila São Miguel,2009/01/15 00:00:00+00,139,Realengo,33,Realengo,5.1,Bangu,5,72,30,IPP com base em IBGE - Censo Demográfico 2022,,139,3425.31434611,371.420631963055,3425.31434616893
163,967,Solar dos Teixeiras,2,0,Isolada,2009/01/15 00:00:00+00,139,Realengo,33,Realengo,5.1,Bangu,5,749,314,IPP com base em IBGE - Censo Demográfico 2022,,139,35915.46742246,1079.58990439578,35915.4674223933
164,966,Parque Carumbé,2,0,Isolada,2009/01/15 00:00:00+00,139,Realengo,33,Realengo,5.1,Bangu,5,313,120,IPP com base em IBGE - Censo Demográfico 2022,,139,7797.74735657,455.430564036721,7797.74735643453
165,965,"Rua Euclides Roxo, nº 365",2,0,Isolada,2009/01/15 00:00:00+00,139,Realengo,33,Realengo,5.1,Bangu,5,178,72,IPP com base em IBGE - Censo Demográfico 2022,,139,20568.48223458,1347.05415869002,20568.4822345895
166,964,"Rua Felizardo Fortes, nº 276",2,0,Isolada,2009/01/15 00:00:00+00,41,Ramos,10,Ramos,3.1,Ramos,3,135,63,IPP com base em IBGE - Censo Demográfico 2022,,041,1699.8025976,165.195833671587,1699.80259761232
167,963,Uga-Uga,2,0,Isolada,2009/01/15 00:00:00+00,41,Ramos,10,Ramos,3.1,Ramos,3,245,100,IPP com base em IBGE - Censo Demográfico 2022,,041,1505.2758181,197.847270618614,1505.27581808933
168,959,"Rua Jerônimo Pinto, nº 942",2,0,Isolada,2009/01/15 00:00:00+00,124,Praça Seca,16,Jacarepaguá,4.1,Jacarepaguá,4,45,23,IPP com base em IBGE - Censo Demográfico 2022,,124,7858.10398599,849.100060688266,7858.10398606352
169,958,Vila Operária Luiz Carlos Prestes,2,0,Isolada,2009/01/15 00:00:00+00,69,Piedade,13,Méier,3.2,Méier,3,94,38,IPP com base em IBGE - Censo Demográfico 2022,,069,4796.11577846,291.928289059495,4796.11577845025
170,957,Inácio Dias (RA - Méier),2,0,Isolada,2009/01/15 00:00:00+00,69,Piedade,13,Méier,3.2,Méier,3,22,13,IPP com base em IBGE - Censo Demográfico 2022,,069,1665.13302889,197.851516117812,1665.13302889265
171,956,Rua Nossa Senhora da Penha,2,0,Isolada,2009/01/15 00:00:00+00,44,Penha Circular,11,Penha,3.5,Penha,3,0,0,IPP com base em IBGE - Censo Demográfico 2022,,044,1007.74800999,314.756191058956,1007.74800995722
172,948,Rua Moença,2,0,Isolada,2009/01/15 00:00:00+00,121,Pechincha,16,Jacarepaguá,4.1,Jacarepaguá,4,132,55,IPP com base em IBGE - Censo Demográfico 2022,,121,10974.86974449,644.45558588054,10974.8697444877
173,947,Morada do Sol,2,0,Isolada,2009/01/15 00:00:00+00,121,Pechincha,16,Jacarepaguá,4.1,Jacarepaguá,4,366,141,IPP com base em IBGE - Censo Demográfico 2022,,121,7454.14053311,395.173932144916,7454.14053304238
174,946,Monte Sinai,1,2076,Chico Mendes (Morro do Chapadão),2009/01/15 00:00:00+00,114,Pavuna,25,Pavuna,3.6,Pavuna,3,125,59,IPP com base em IBGE - Censo Demográfico 2022,,114,11799.22069845,559.989354264681,11799.2206985387
175,945,Cabo Otávio,1,2076,Chico Mendes (Morro do Chapadão),2009/01/15 00:00:00+00,114,Pavuna,25,Pavuna,3.6,Pavuna,3,54,27,IPP com base em IBGE - Censo Demográfico 2022,,114,4097.28309593,410.575516704111,4097.28309593345
176,944,Nova Conquista (RA - Pavuna),1,2076,Chico Mendes (Morro do Chapadão),2009/01/15 00:00:00+00,114,Pavuna,25,Pavuna,3.6,Pavuna,3,438,209,IPP com base em IBGE - Censo Demográfico 2022,,114,17976.08679163,750.632280111008,17976.0867916035
177,943,Vila Modelo - Rua Alfredo Cabuçu,1,2080,Quitanda,2009/01/15 00:00:00+00,114,Pavuna,25,Pavuna,3.6,Pavuna,3,31,11,IPP com base em IBGE - Censo Demográfico 2022,,114,1394.26872164,151.801583039466,1394.26872165943
178,942,Rua Ribatejo (em frente ao nº 245),2,0,Isolada,2009/01/15 00:00:00+00,76,Irajá,14,Irajá,3.3,Madureira,3,61,30,IPP com base em IBGE - Censo Demográfico 2022,,076,1909.65841026,264.996790289551,1909.6584102703
179,941,Estrada do Murundu,2,0,Isolada,2009/01/15 00:00:00+00,140,Padre Miguel,17,Bangu,5.1,Bangu,5,127,52,IPP com base em IBGE - Censo Demográfico 2022,,140,9452.73991546,649.190146062004,9452.73991544461
180,940,Rua Francisco Real,2,0,Isolada,2009/01/15 00:00:00+00,140,Padre Miguel,17,Bangu,5.1,Bangu,5,268,111,IPP com base em IBGE - Censo Demográfico 2022,,140,7953.4060468,361.613728379682,7953.40604687272
181,939,Sapé,2,0,Isolada,2009/01/15 00:00:00+00,148,Paciência,19,Santa Cruz,5.3,Santa Cruz,5,10,6,IPP com base em IBGE - Censo Demográfico 2022,,148,8738.37212642,569.396958211407,8738.37212638097
182,937,1º de Abril - Gouveia,1,2136,Nova Jersei,2009/01/15 00:00:00+00,148,Paciência,19,Santa Cruz,5.3,Santa Cruz,5,225,107,IPP com base em IBGE - Censo Demográfico 2022,,148,16442.72832254,762.29422230422,16442.7283225706
183,936,"Rua Pereira de Figueiredo, nº 630",2,0,Isolada,2009/01/15 00:00:00+00,88,Oswaldo Cruz,15,Madureira,3.3,Madureira,3,45,21,IPP com base em IBGE - Censo Demográfico 2022,,088,1031.46302372,155.375791311912,1031.46302374095
184,935,Rua São Lourenço,2,0,Isolada,2009/01/15 00:00:00+00,88,Oswaldo Cruz,15,Madureira,3.3,Madureira,3,159,74,IPP com base em IBGE - Censo Demográfico 2022,,088,3431.48265845,860.464802614664,3431.4826584599
185,934,Beco Enedina,2,0,Isolada,2009/01/15 00:00:00+00,88,Oswaldo Cruz,15,Madureira,3.3,Madureira,3,225,92,IPP com base em IBGE - Censo Demográfico 2022,,088,8429.09240778,388.31558680257,8429.09240778119
186,933,Condomínio Mandela,2,0,Isolada,2009/01/15 00:00:00+00,88,Oswaldo Cruz,15,Madureira,3.3,Madureira,3,117,55,IPP com base em IBGE - Censo Demográfico 2022,,088,6144.68344674,339.189059098813,6144.68344676944
187,880,Estrada da Pedra IV,2,0,Isolada,2009/01/15 00:00:00+00,151,Guaratiba,26,Guaratiba,5.4,Guaratiba,5,170,70,IPP com base em IBGE - Censo Demográfico 2022,,151,10096.89194427,575.807772986867,10096.8919443665
188,932,Rua Mira,2,0,Isolada,2009/01/15 00:00:00+00,42,Olaria,10,Ramos,3.1,Ramos,3,104,52,IPP com base em IBGE - Censo Demográfico 2022,,042,11570.77872239,1089.2581724272,11570.7787223677
189,930,Vitória de Manguinhos,1,2026,Manguinhos,2009/01/15 00:00:00+00,39,Manguinhos,10,Ramos,3.1,Ramos,3,220,92,IPP com base em IBGE - Censo Demográfico 2022,,039,9042.41379428,871.983229911137,9042.41379424728
190,929,"Rua Bonina, nº 511",1,2111,Quatorze de Julho,2009/01/15 00:00:00+00,138,Magalhães Bastos,33,Realengo,5.1,Bangu,5,38,18,IPP com base em IBGE - Censo Demográfico 2022,,138,2459.89587269,219.156069610714,2459.89587272667
191,928,"Rua Bonina, nº 381",1,2111,Quatorze de Julho,2009/01/15 00:00:00+00,138,Magalhães Bastos,33,Realengo,5.1,Bangu,5,125,55,IPP com base em IBGE - Censo Demográfico 2022,,138,5756.69881446,303.237384502395,5756.69881443733
192,890,Pingo d'Água,2,0,Isolada,2009/01/15 00:00:00+00,151,Guaratiba,26,Guaratiba,5.4,Guaratiba,5,397,198,IPP com base em IBGE - Censo Demográfico 2022,,151,35227.28814487,949.652190713541,35227.2881447927
193,889,Estrada da Pedra X,2,0,Isolada,2009/01/15 00:00:00+00,151,Guaratiba,26,Guaratiba,5.4,Guaratiba,5,27,20,IPP com base em IBGE - Censo Demográfico 2022,,151,2989.8960589,274.967746192874,2989.89605894825
194,888,Estrada da Pedra IX,2,0,Isolada,2009/01/15 00:00:00+00,151,Guaratiba,26,Guaratiba,5.4,Guaratiba,5,147,60,IPP com base em IBGE - Censo Demográfico 2022,,151,8355.93917323,448.542024339586,8355.93917331709
195,887,Estrada da Pedra VIII,2,0,Isolada,2009/01/15 00:00:00+00,151,Guaratiba,26,Guaratiba,5.4,Guaratiba,5,262,107,IPP com base em IBGE - Censo Demográfico 2022,,151,9535.54240454,383.625885695244,9535.5424045284
196,884,Morro da Foice,2,0,Isolada,2009/01/15 00:00:00+00,151,Guaratiba,26,Guaratiba,5.4,Guaratiba,5,229,94,IPP com base em IBGE - Censo Demográfico 2022,,151,62769.289004,1750.00321643382,62769.289004108
197,883,Avenida Gaspar Lemos (próxima ao nº 11),2,0,Isolada,2009/01/15 00:00:00+00,151,Guaratiba,26,Guaratiba,5.4,Guaratiba,5,4,2,IPP com base em IBGE - Censo Demográfico 2022,,151,1798.46086556,205.637641618785,1798.4608655423
198,882,Estrada da Pedra VI,2,0,Isolada,2009/01/15 00:00:00+00,151,Guaratiba,26,Guaratiba,5.4,Guaratiba,5,215,95,IPP com base em IBGE - Censo Demográfico 2022,,151,11033.82810426,573.518079287205,11033.8281043979
199,881,Estrada da Pedra V,2,0,Isolada,2009/01/15 00:00:00+00,151,Guaratiba,26,Guaratiba,5.4,Guaratiba,5,136,54,IPP com base em IBGE - Censo Demográfico 2022,,151,6841.81881788,473.258397512743,6841.81881773196
200,877,Estrada da Pedra I,2,0,Isolada,2009/01/15 00:00:00+00,151,Guaratiba,26,Guaratiba,5.4,Guaratiba,5,202,90,IPP com base em IBGE - Censo Demográfico 2022,,151,26342.74491008,2259.80802361635,26342.7449100303
201,816,Estrada de Gericinó (em frente ao nº 817),2,0,Isolada,2009/01/15 00:00:00+00,141,Bangu,17,Bangu,5.1,Bangu,5,29,12,IPP com base em IBGE - Censo Demográfico 2022,,141,2256.38575842,318.264508766695,2256.38575844392
202,876,"Rua Moisés, nº 87",2,0,Isolada,2009/01/15 00:00:00+00,120,Freguesia (Jacarepaguá),16,Jacarepaguá,4.1,Jacarepaguá,4,342,160,IPP com base em IBGE - Censo Demográfico 2022,,120,9165.02949275,581.757913837066,9165.02949271504
203,875,Pantanal,1,2096,Inácio do Amaral,2009/01/15 00:00:00+00,120,Freguesia (Jacarepaguá),16,Jacarepaguá,4.1,Jacarepaguá,4,366,148,IPP com base em IBGE - Censo Demográfico 2022,,120,10205.76354062,763.053481711055,10205.7635406315
204,874,Comunidade São João dos Operários,1,2066,"Rua Budapeste, nº 66",2009/01/15 00:00:00+00,98,Freguesia (Ilha do Governador),20,Ilha do Governador,3.7,Ilha do Governador,3,146,60,IPP com base em IBGE - Censo Demográfico 2022,,098,9397.15170878,806.99039756249,9397.15170866979
205,872,Travessa Miguel Rangel,2,0,Isolada,2009/01/15 00:00:00+00,81,Engenheiro Leal,15,Madureira,3.3,Madureira,3,77,33,IPP com base em IBGE - Censo Demográfico 2022,,081,4026.01832511,330.783530391302,4026.01832511821
206,871,Moquiço (RA - Bangu),1,2059,Vila Eugênia,2009/01/15 00:00:00+00,134,Deodoro,33,Realengo,5.1,Bangu,5,75,32,IPP com base em IBGE - Censo Demográfico 2022,,134,3835.26412719,326.434188703963,3835.26412725393
207,870,Rua André Rocha,2,0,Isolada,2009/01/15 00:00:00+00,119,Curicica,16,Jacarepaguá,4.1,Jacarepaguá,4,211,96,IPP com base em IBGE - Censo Demográfico 2022,,119,5662.72230451,313.62859823463,5662.72230450808
208,869,Vila União (RA - Jacarepaguá),1,2103,Vila União da Curicica,2009/01/15 00:00:00+00,119,Curicica,16,Jacarepaguá,4.1,Jacarepaguá,4,1118,499,IPP com base em IBGE - Censo Demográfico 2022,,119,21181.79258312,685.74956928098,21181.792583037
209,1159,Rua 17 de Fevereiro 2,0,0, ,2021/08/16 00:00:00+00,157,Maré,30,Complexo da Maré,3.1,Ramos,3,4,2,IPP com base em IBGE - Censo Demográfico 2022,,157,1274.81762019,169.878351542338,1274.81762016331
210,868,Village Costa Barros,2,0,Isolada,2009/01/15 00:00:00+00,113,Costa Barros,25,Pavuna,3.6,Pavuna,3,1201,533,IPP com base em IBGE - Censo Demográfico 2022,,113,92428.88974268,2001.41279327523,92428.8897427087
211,866,Vila Bom Jardim,2,0,Isolada,2009/01/15 00:00:00+00,147,Cosmos,18,Campo Grande,5.2,Campo Grande,5,352,141,IPP com base em IBGE - Censo Demográfico 2022,,147,10440.26275176,633.118355006359,10440.2627517896
212,864,Rua Ponto Chique (próxima ao nº 220),2,0,Isolada,2009/01/15 00:00:00+00,46,Cordovil,31,Vigário Geral,3.5,Penha,3,45,22,IPP com base em IBGE - Censo Demográfico 2022,,046,2383.8169089,311.41394712317,2383.81690892471
213,815,Estrada de Gericinó (altura do nº 860),1,2121,Vila Catiri,2009/01/15 00:00:00+00,141,Bangu,17,Bangu,5.1,Bangu,5,223,84,IPP com base em IBGE - Censo Demográfico 2022,,141,6267.41443906,319.388547404562,6267.41443909802
214,863,"Ladeira dos Tabajaras, nº 248",1,2019,Morro dos Cabritos,2009/01/15 00:00:00+00,24,Copacabana,5,Copacabana,2.1,Zona Sul,2,172,86,IPP com base em IBGE - Censo Demográfico 2022,,024,5889.5326118,534.193010601687,5889.53261177872
215,862,Rua Emilio Berla Lote 14,2,0,Isolada,2009/01/15 00:00:00+00,24,Copacabana,5,Copacabana,2.1,Zona Sul,2,43,35,IPP com base em IBGE - Censo Demográfico 2022,,024,3803.71216986,374.457969279875,3803.71216990473
216,861,Estrada do Itararé,1,2084,Complexo do Alemão,2009/01/15 00:00:00+00,156,Complexo do Alemão,29,Complexo do Alemão,3.4,Inhaúma,3,22,11,IPP com base em IBGE - Censo Demográfico 2022,,156,2578.96576362,217.364252864664,2578.96576360319
217,860,Rua 1 pela Ademas,1,2084,Complexo do Alemão,2009/01/15 00:00:00+00,156,Complexo do Alemão,29,Complexo do Alemão,3.4,Inhaúma,3,94,44,IPP com base em IBGE - Censo Demográfico 2022,,156,4857.20587908,553.752509856097,4857.20587905423
218,859,Rua Myron Clark,1,2078,Myron Clark,2009/01/15 00:00:00+00,110,Coelho Neto,25,Pavuna,3.6,Pavuna,3,289,121,IPP com base em IBGE - Censo Demográfico 2022,,110,9051.57352387,681.729644076956,9051.57352379999
219,858,Rua Myron Clark (Rua Jatuaia),1,2078,Myron Clark,2009/01/15 00:00:00+00,110,Coelho Neto,25,Pavuna,3.6,Pavuna,3,65,28,IPP com base em IBGE - Censo Demográfico 2022,,110,3628.96594559,497.672749726013,3628.96594557535
220,855,Anastácia,2,0,Isolada,2009/01/15 00:00:00+00,5,Centro,2,Centro,1.1,Centro,1,74,36,IPP com base em IBGE - Censo Demográfico 2022,,005,1942.73746797,176.462191555921,1942.73746796452
221,1160,Salsa e Merengue,0,0, ,2021/08/16 00:00:00+00,157,Maré,30,Complexo da Maré,3.1,Ramos,3,66,28,IPP com base em IBGE - Censo Demográfico 2022,,157,4719.5501451,340.663928323114,4719.55014517068
222,854,"Rua Cardoso Quintão, nº 509 / Rua Paulo Eiro, nº 123",1,2056,Rua Baleares,2009/01/15 00:00:00+00,80,Cavalcanti,15,Madureira,3.3,Madureira,3,36,18,IPP com base em IBGE - Censo Demográfico 2022,,080,2636.28654582,375.744314736206,2636.28654583067
223,853,"Rua Silva Vale, nº 108",2,0,Isolada,2009/01/15 00:00:00+00,80,Cavalcanti,15,Madureira,3.3,Madureira,3,29,15,IPP com base em IBGE - Censo Demográfico 2022,,080,5088.62228783,328.250159935384,5088.62228783835
224,852,"Avenida Dom Helder Câmara, nº 9.991 (rua Silvério, nº 79)",2,0,Isolada,2009/01/15 00:00:00+00,82,Cascadura,15,Madureira,3.3,Madureira,3,20,13,IPP com base em IBGE - Censo Demográfico 2022,,082,2044.82256063,204.76432046353,2044.82256062225
225,851,"Estrada Guandu do Sena, nº 1.057",2,0,Isolada,2009/01/15 00:00:00+00,144,Campo Grande,18,Campo Grande,5.2,Campo Grande,5,77,32,IPP com base em IBGE - Censo Demográfico 2022,,144,8680.86861841,854.074684252019,8680.86861833812
226,850,Jardim Nossa Senhora das Graças III,1,2126,Jardim Nossa Senhora das Graças,2009/01/15 00:00:00+00,144,Campo Grande,18,Campo Grande,5.2,Campo Grande,5,295,102,IPP com base em IBGE - Censo Demográfico 2022,,144,10093.07091881,425.881950875346,10093.0709187862
227,849,"Estrada Guandu do Sapé, nº 870",2,0,Isolada,2009/01/15 00:00:00+00,144,Campo Grande,18,Campo Grande,5.2,Campo Grande,5,14,7,IPP com base em IBGE - Censo Demográfico 2022,,144,2034.51582789,221.903641231689,2034.51582793808
228,814,"Estrada de Realengo, nº 1.516",2,0,Isolada,2009/01/15 00:00:00+00,141,Bangu,17,Bangu,5.1,Bangu,5,134,52,IPP com base em IBGE - Censo Demográfico 2022,,141,2498.24881588,199.098459764741,2498.24881586593
229,848,Estrada da Cachamorra (altura da Av. Mario Pedrosa),2,0,Isolada,2009/01/15 00:00:00+00,144,Campo Grande,18,Campo Grande,5.2,Campo Grande,5,22,10,IPP com base em IBGE - Censo Demográfico 2022,,144,3815.78266938,671.47088395132,3815.78266937758
230,847,Estrada João Melo (altura do nº 460 - Caminho do Pastoria),2,0,Isolada,2009/01/15 00:00:00+00,144,Campo Grande,18,Campo Grande,5.2,Campo Grande,5,142,61,IPP com base em IBGE - Censo Demográfico 2022,,144,9766.23529188,717.874473212209,9766.23529189527
231,846,Estrada da Caroba,2,0,Isolada,2009/01/15 00:00:00+00,144,Campo Grande,18,Campo Grande,5.2,Campo Grande,5,60,23,IPP com base em IBGE - Censo Demográfico 2022,,144,2350.33941509,260.86655819107,2350.33941515551
232,845,Morro do Quilombo,2,0,Isolada,2009/01/15 00:00:00+00,144,Campo Grande,18,Campo Grande,5.2,Campo Grande,5,148,61,IPP com base em IBGE - Censo Demográfico 2022,,144,8229.88148272,633.592758121307,8229.88148271563
233,844,Bosque dos Caboclos,1,2124,Bosque dos Caboclos,2009/01/15 00:00:00+00,144,Campo Grande,18,Campo Grande,5.2,Campo Grande,5,295,142,IPP com base em IBGE - Censo Demográfico 2022,,144,24431.25424006,851.555017891223,24431.2542400969
234,843,Bairro São Sebastião,1,2124,Bosque dos Caboclos,2009/01/15 00:00:00+00,144,Campo Grande,18,Campo Grande,5.2,Campo Grande,5,373,149,IPP com base em IBGE - Censo Demográfico 2022,,144,19694.46449192,750.957712219204,19694.4644918673
235,842,Comari,2,0,Isolada,2009/01/15 00:00:00+00,144,Campo Grande,18,Campo Grande,5.2,Campo Grande,5,95,38,IPP com base em IBGE - Censo Demográfico 2022,,144,5771.64796825,498.705199793456,5771.64796826558
236,841,Ocupação Olga Benário Prestes,2,0,Isolada,2009/01/15 00:00:00+00,144,Campo Grande,18,Campo Grande,5.2,Campo Grande,5,313,109,IPP com base em IBGE - Censo Demográfico 2022,,144,9710.554536,414.069119016069,9710.55453605964
237,840,Torre de Babel,2,0,Isolada,2009/01/15 00:00:00+00,144,Campo Grande,18,Campo Grande,5.2,Campo Grande,5,297,108,IPP com base em IBGE - Censo Demográfico 2022,,144,17200.74733919,843.118394006425,17200.7473392164
238,839,"Rua Gramado, nº 783 - servidão",2,0,Isolada,2009/01/15 00:00:00+00,144,Campo Grande,18,Campo Grande,5.2,Campo Grande,5,98,48,IPP com base em IBGE - Censo Demográfico 2022,,144,8724.70959935,413.531527323428,8724.70959934
239,776,Ilha da Gigóia - Lote 500,2,0,Isolada,2002/12/11 00:00:00+00,128,Barra da Tijuca,24,Barra da Tijuca,4.2,Barra da Tijuca,4,20,12,IPP com base em IBGE - Censo Demográfico 2022,,128,880.60513701,124.419389259134,880.60513699474
240,819,Quinta do Taquaral,1,2118,Fazenda Coqueiro,2009/01/15 00:00:00+00,141,Bangu,17,Bangu,5.1,Bangu,5,131,49,IPP com base em IBGE - Censo Demográfico 2022,,141,8246.71942558,618.469852118033,8246.71942559104
241,838,Estrada do Mato Alto,2,0,Isolada,2009/01/15 00:00:00+00,144,Campo Grande,18,Campo Grande,5.2,Campo Grande,5,441,161,IPP com base em IBGE - Censo Demográfico 2022,,144,22366.1165127,956.011565873526,22366.1165127181
242,837,Afonso Viseu,2,0,Isolada,2009/01/15 00:00:00+00,144,Campo Grande,18,Campo Grande,5.2,Campo Grande,5,60,24,IPP com base em IBGE - Censo Demográfico 2022,,144,5568.9303392,317.75135411898,5568.93033922486
243,836,Caminho do Céu (Trav. Miguel Sacramento),2,0,Isolada,2009/01/15 00:00:00+00,144,Campo Grande,18,Campo Grande,5.2,Campo Grande,5,36,15,IPP com base em IBGE - Censo Demográfico 2022,,144,5622.38592679,690.117587571432,5622.38592674766
244,835,Caminho do Céu (Rua João Galdino),2,0,Isolada,2009/01/15 00:00:00+00,144,Campo Grande,18,Campo Grande,5.2,Campo Grande,5,23,23,IPP com base em IBGE - Censo Demográfico 2022,,144,6411.05402492,768.36399319499,6411.05402489018
245,834,Caminho do Céu,2,0,Isolada,2009/01/15 00:00:00+00,144,Campo Grande,18,Campo Grande,5.2,Campo Grande,5,33,39,IPP com base em IBGE - Censo Demográfico 2022,,144,9682.79497645,1230.20114672356,9682.79497653701
246,833,Jardim Monteiro,1,2125,Jardim Monteiro,2009/01/15 00:00:00+00,144,Campo Grande,18,Campo Grande,5.2,Campo Grande,5,563,227,IPP com base em IBGE - Censo Demográfico 2022,,144,50795.80193512,1810.51857810168,50795.8019350117
247,818,Vila Aliança (loteamento Rua do Lúcio),1,2118,Fazenda Coqueiro,2009/01/15 00:00:00+00,141,Bangu,17,Bangu,5.1,Bangu,5,475,176,IPP com base em IBGE - Censo Demográfico 2022,,141,22410.29390815,944.073391962678,22410.2939081222
248,817,Sem Terra,2,0,Isolada,2009/01/15 00:00:00+00,141,Bangu,17,Bangu,5.1,Bangu,5,237,99,IPP com base em IBGE - Censo Demográfico 2022,,141,9391.98571084,419.591559973836,9391.98571088788
249,832,Morro Luiz Barata,2,0,Isolada,2009/01/15 00:00:00+00,144,Campo Grande,18,Campo Grande,5.2,Campo Grande,5,117,51,IPP com base em IBGE - Censo Demográfico 2022,,144,7397.2861807,638.361618009397,7397.28618075191
250,831,Rio - São Paulo (altura do nº 3.239),2,0,Isolada,2009/01/15 00:00:00+00,144,Campo Grande,18,Campo Grande,5.2,Campo Grande,5,1238,463,IPP com base em IBGE - Censo Demográfico 2022,,144,54160.22737556,1404.86558454513,54160.2273755379
251,789,"Rua Marquês de Muritiba, nº 609",1,2063,Conjunto Residencial dos Servidores,2003/02/10 00:00:00+00,96,Cocotá,20,Ilha do Governador,3.7,Ilha do Governador,3,32,15,IPP com base em IBGE - Censo Demográfico 2022,,096,3354.74475603,232.245732189505,3354.74475597365
252,829,Beco da Esperança,2,0,Isolada,2009/01/15 00:00:00+00,144,Campo Grande,18,Campo Grande,5.2,Campo Grande,5,174,64,IPP com base em IBGE - Censo Demográfico 2022,,144,8571.40571787,749.666188640102,8571.40571783002
253,828,Comunidade Solar da Montanha de Jacarepaguá,2,0,Isolada,2009/01/15 00:00:00+00,129,Camorim,24,Barra da Tijuca,4.2,Barra da Tijuca,4,265,130,IPP com base em IBGE - Censo Demográfico 2022,,129,5956.99501129,371.360238469682,5956.99501129486
254,826,"Estrada do Quitungo, nº 1.267",1,2030,Morro da Guaíba,2009/01/15 00:00:00+00,45,Brás de Pina,11,Penha,3.5,Penha,3,84,27,IPP com base em IBGE - Censo Demográfico 2022,,045,3543.99806725,548.061549715827,3543.99806723139
255,825,Morro da Saudade,1,2016,Mangueira (RA - Botafogo),2009/01/15 00:00:00+00,20,Botafogo,4,Botafogo,2.1,Zona Sul,2,45,28,IPP com base em IBGE - Censo Demográfico 2022,,020,2460.28570468,401.851837142323,2460.28570470201
256,824,Rua da Proclamação (altura do nº 809),2,0,Isolada,2009/01/15 00:00:00+00,40,Bonsucesso,10,Ramos,3.1,Ramos,3,13,7,IPP com base em IBGE - Censo Demográfico 2022,,040,1084.89245281,152.422139363443,1084.89245282181
257,822,Marco,2,0,Isolada,2009/01/15 00:00:00+00,141,Bangu,17,Bangu,5.1,Bangu,5,144,49,IPP com base em IBGE - Censo Demográfico 2022,,141,3925.67536389,372.012186079634,3925.67536385992
258,821,Vila Aliança,1,2118,Fazenda Coqueiro,2009/01/15 00:00:00+00,141,Bangu,17,Bangu,5.1,Bangu,5,373,168,IPP com base em IBGE - Censo Demográfico 2022,,141,15401.36968864,547.168302471948,15401.3696886492
259,820,Vila Aliança (Av. do Corretor),2,0,Isolada,2009/01/15 00:00:00+00,141,Bangu,17,Bangu,5.1,Bangu,5,236,107,IPP com base em IBGE - Censo Demográfico 2022,,141,11621.57915404,847.709305944216,11621.579154119
260,813,Parque das Mangueiras,2,0,Isolada,2009/01/15 00:00:00+00,141,Bangu,17,Bangu,5.1,Bangu,5,203,69,IPP com base em IBGE - Censo Demográfico 2022,,141,12508.10203012,1054.21372291446,12508.1020300565
261,812,Rua Humberto Teixeira,2,0,Isolada,2009/01/15 00:00:00+00,141,Bangu,17,Bangu,5.1,Bangu,5,286,107,IPP com base em IBGE - Censo Demográfico 2022,,141,15714.33194255,1158.87187064941,15714.3319425702
262,811,Favela do Quiabo,2,0,Isolada,2009/01/15 00:00:00+00,141,Bangu,17,Bangu,5.1,Bangu,5,122,53,IPP com base em IBGE - Censo Demográfico 2022,,141,11691.10789139,911.519963958246,11691.107891435
263,810,Castor de Andrade II,1,2116,Alto Kennedy,2009/01/15 00:00:00+00,141,Bangu,17,Bangu,5.1,Bangu,5,466,199,IPP com base em IBGE - Censo Demográfico 2022,,141,21602.46133408,935.221346696534,21602.4613341439
264,809,"Rua Aldo Rangel, nº 198",2,0,Isolada,2009/01/15 00:00:00+00,116,Anil,16,Jacarepaguá,4.1,Jacarepaguá,4,7,3,IPP com base em IBGE - Censo Demográfico 2022,,116,3154.8537417,223.451988579477,3154.85374164129
265,808,"Estrada Curipós, nº 310",2,0,Isolada,2009/01/15 00:00:00+00,116,Anil,16,Jacarepaguá,4.1,Jacarepaguá,4,448,158,IPP com base em IBGE - Censo Demográfico 2022,,116,19635.36864216,1462.01375066785,19635.3686421591
266,807,Rua Adalberto Tanajura (altura do nº 152),2,0,Isolada,2009/01/15 00:00:00+00,107,Anchieta,22,Anchieta,3.6,Pavuna,3,152,57,IPP com base em IBGE - Censo Demográfico 2022,,107,3861.16363345,297.031347795444,3861.16363347886
267,742,Cantinho do Rio,1,2033,Dourados,2003/01/28 00:00:00+00,46,Cordovil,31,Vigário Geral,3.5,Penha,3,100,40,IPP com base em IBGE - Censo Demográfico 2022,,046,2257.82089746,197.426522984511,2257.82089745039
268,806,Estrada do Soberbo (altura do nº 176),2,0,Isolada,2009/01/15 00:00:00+00,34,Alto da Boa Vista,8,Tijuca,2.2,Tijuca,2,30,15,IPP com base em IBGE - Censo Demográfico 2022,,034,5885.73237519,446.494669928437,5885.73237522699
269,805,Rua Rodrigo da Silva (altura do nº 91),2,0,Isolada,2009/01/15 00:00:00+00,34,Alto da Boa Vista,8,Tijuca,2.2,Tijuca,2,4,2,IPP com base em IBGE - Censo Demográfico 2022,,034,1964.51126204,208.133969741755,1964.51126205092
270,804,Rua Rodrigo da Silva (altura do nº 910 - Caminho Santo André),2,0,Isolada,2009/01/15 00:00:00+00,34,Alto da Boa Vista,8,Tijuca,2.2,Tijuca,2,33,18,IPP com base em IBGE - Censo Demográfico 2022,,034,20936.34677867,1104.27594247096,20936.3467786674
271,788,"Rua Jerônimo Ornelas, nº 490",1,2061,Bairro Nossa Senhora das Graças,2003/02/10 00:00:00+00,93,Cacuia,20,Ilha do Governador,3.7,Ilha do Governador,3,57,24,IPP com base em IBGE - Censo Demográfico 2022,,093,1800.57452009,201.524798353326,1800.57452010969
272,803,Estrada do Soberbo (altura do nº 267),2,0,Isolada,2009/01/15 00:00:00+00,34,Alto da Boa Vista,8,Tijuca,2.2,Tijuca,2,37,12,IPP com base em IBGE - Censo Demográfico 2022,,034,6927.66981575,598.997242446692,6927.66981575545
273,802,"Rua Torres de Oliveira, nº 467",1,2042,Engenheiro Alfredo Gonçalves,2009/01/15 00:00:00+00,67,Água Santa,13,Méier,3.2,Méier,3,67,45,IPP com base em IBGE - Censo Demográfico 2022,,067,5838.74491651,389.437315167207,5838.74491650518
274,801,A.M. Novo Rio de Jacarepaguá,1,2091,Canal do Anil,2004/01/01 00:00:00+00,117,Gardênia Azul,16,Jacarepaguá,4.1,Jacarepaguá,4,2049,829,IPP com base em IBGE - Censo Demográfico 2022,,117,42048.0018267,903.601909144084,42048.0018267167
275,800,Nova Cidade,2,0,Isolada,2004/01/01 00:00:00+00,146,Inhoaíba,18,Campo Grande,5.2,Campo Grande,5,15866,5915,IPP com base em IBGE - Censo Demográfico 2022,,146,929030.52258333,5330.04191217192,929030.522582851
276,799,A.M. Barra América,2,0,Isolada,2004/01/01 00:00:00+00,128,Barra da Tijuca,24,Barra da Tijuca,4.2,Barra da Tijuca,4,220,89,IPP com base em IBGE - Censo Demográfico 2022,,128,4516.16210964,309.08850536039,4516.16210962424
277,798,Parque Horto Florestal,2,0,Isolada,2004/01/01 00:00:00+00,149,Santa Cruz,19,Santa Cruz,5.3,Santa Cruz,5,1326,564,IPP com base em IBGE - Censo Demográfico 2022,,149,88317.26803444,1726.51634015164,88317.2680344066
278,787,Rua Projetada A - Rio Comprido,1,2007,Vila Anchieta,2003/01/10 00:00:00+00,7,Rio Comprido,3,Rio Comprido,1.1,Centro,1,140,57,IPP com base em IBGE - Censo Demográfico 2022,,007,8932.88842419,498.04644440369,8932.88842421479
279,786,Coroado (AMAPOLO),2,0,Isolada,2003/01/10 00:00:00+00,14,Santa Teresa,23,Santa Teresa,1.1,Centro,1,1188,541,IPP com base em IBGE - Censo Demográfico 2022,,014,17086.97848486,676.537229923356,17086.9784848481
280,1135,Rua Iaciara,0,0, ,2021/08/16 00:00:00+00,144,Campo Grande,18,Campo Grande,5.2,Campo Grande,5,107,48,IPP com base em IBGE - Censo Demográfico 2022,,144,10837.89024764,524.943351091112,10837.8902476413
281,778,Rua Lagoa Redonda,1,2039,Rua Lagoa Redonda,2003/01/22 00:00:00+00,54,Inhaúma,12,Inhaúma,3.4,Inhaúma,3,814,367,IPP com base em IBGE - Censo Demográfico 2022,,054,14306.78008088,959.112508114521,14306.780080769
282,796,Caminho do Abreu,1,2142,Caminho do Abreu,2003/01/07 00:00:00+00,152,Barra de Guaratiba,26,Guaratiba,5.4,Guaratiba,5,353,135,IPP com base em IBGE - Censo Demográfico 2022,,152,69124.65660957,3567.73288143362,69124.6566096558
283,795,Bosque Mont Serrat,2,0,Isolada,2002/12/19 00:00:00+00,130,Vargem Pequena,24,Barra da Tijuca,4.2,Barra da Tijuca,4,1559,705,IPP com base em IBGE - Censo Demográfico 2022,,130,42350.90055532,1346.43008735718,42350.9005554274
284,794,"Avenida dos Eucaliptos, 28",2,0,Isolada,2002/12/20 00:00:00+00,132,Recreio dos Bandeirantes,24,Barra da Tijuca,4.2,Barra da Tijuca,4,6,3,IPP com base em IBGE - Censo Demográfico 2022,,132,3035.98047625,253.906092206622,3035.9804762606
285,791,Caminho dos Nunes,1,2123,Beco do Genipapo,2003/02/12 00:00:00+00,144,Campo Grande,18,Campo Grande,5.2,Campo Grande,5,209,79,IPP com base em IBGE - Censo Demográfico 2022,,144,14692.52678524,858.976086239475,14692.5267851918
286,790,Beco do Genipapo,1,2123,Beco do Genipapo,2003/02/12 00:00:00+00,144,Campo Grande,18,Campo Grande,5.2,Campo Grande,5,165,74,IPP com base em IBGE - Censo Demográfico 2022,,144,13274.62663422,598.12859094621,13274.626634288
287,784,Mandela de Pedra,1,2026,Manguinhos,2003/02/04 00:00:00+00,39,Manguinhos,10,Ramos,3.1,Ramos,3,2228,945,IPP com base em IBGE - Censo Demográfico 2022,,039,42133.53040633,3815.77245648934,42133.5304062797
288,782,"Vila da Rua Viúva Cláudio, nº 211",1,2083,Jacarezinho,2003/01/23 00:00:00+00,51,Jacaré,13,Méier,3.2,Méier,3,130,52,IPP com base em IBGE - Censo Demográfico 2022,,051,4002.90207596,374.077982030668,4002.90207591012
289,781,Malvinas,2,0,Isolada,2003/01/23 00:00:00+00,65,Cachambi,13,Méier,3.2,Méier,3,183,67,IPP com base em IBGE - Censo Demográfico 2022,,065,5230.14356422,326.034227559037,5230.14356420937
290,780,Parque Everest,1,2036,Parque Everest,2003/01/22 00:00:00+00,54,Inhaúma,12,Inhaúma,3.4,Inhaúma,3,113,42,IPP com base em IBGE - Censo Demográfico 2022,,054,12423.54455226,1944.49426617295,12423.5445523823
291,779,Vila Dom Fábio,2,0,Isolada,2003/01/22 00:00:00+00,50,Higienópolis,12,Inhaúma,3.4,Inhaúma,3,27,14,IPP com base em IBGE - Censo Demográfico 2022,,050,3553.67043668,308.272750619354,3553.67043673446
292,777,Lagoa da Barra,2,0,Isolada,2002/12/11 00:00:00+00,128,Barra da Tijuca,24,Barra da Tijuca,4.2,Barra da Tijuca,4,16,7,IPP com base em IBGE - Censo Demográfico 2022,,128,1746.86624344,174.621424389864,1746.86624345597
293,775,Açude da Solidão,2,0,Isolada,2002/12/13 00:00:00+00,34,Alto da Boa Vista,8,Tijuca,2.2,Tijuca,2,50,22,IPP com base em IBGE - Censo Demográfico 2022,,034,3314.86731931,262.282868829708,3314.86731931252
294,774,Vale Encantado,2,0,Isolada,2002/12/13 00:00:00+00,34,Alto da Boa Vista,8,Tijuca,2.2,Tijuca,2,84,35,IPP com base em IBGE - Censo Demográfico 2022,,034,6973.56574829,433.214768210278,6973.56574836245
295,773,Sítio da Biquinha,2,0,Isolada,2002/12/13 00:00:00+00,34,Alto da Boa Vista,8,Tijuca,2.2,Tijuca,2,163,61,IPP com base em IBGE - Censo Demográfico 2022,,034,23461.50633984,1110.58929875407,23461.5063399173
296,772,Morro do Pau Ferro,1,2045,Morro do Pau Ferro,2003/01/21 00:00:00+00,68,Encantado,13,Méier,3.2,Méier,3,293,114,IPP com base em IBGE - Censo Demográfico 2022,,068,10230.56463377,815.888355563227,10230.5646337811
297,771,Vila da Amizade,2,0,Isolada,2003/01/21 00:00:00+00,69,Piedade,13,Méier,3.2,Méier,3,72,35,IPP com base em IBGE - Censo Demográfico 2022,,069,8192.19039151,423.168038178251,8192.19039151049
298,770,Outeiro (RA - Méier),2,0,Isolada,2003/01/17 00:00:00+00,66,Engenho de Dentro,13,Méier,3.2,Méier,3,286,107,IPP com base em IBGE - Censo Demográfico 2022,,066,19754.68261684,1187.28871608433,19754.6826168057
299,769,Rua Agostinho Gama,2,0,Isolada,2002/12/17 00:00:00+00,120,Freguesia (Jacarepaguá),16,Jacarepaguá,4.1,Jacarepaguá,4,287,139,IPP com base em IBGE - Censo Demográfico 2022,,120,6990.23304116,371.83029431522,6990.23304119392
300,768,Pantanal I (RA - Jacarepaguá),1,2096,Inácio do Amaral,2002/12/17 00:00:00+00,120,Freguesia (Jacarepaguá),16,Jacarepaguá,4.1,Jacarepaguá,4,106,52,IPP com base em IBGE - Censo Demográfico 2022,,120,7334.13317671,990.315256267587,7334.13317671527
301,767,Praça da Bíblia,1,2096,Inácio do Amaral,2002/12/17 00:00:00+00,118,Cidade de Deus,34,Cidade de Deus,4.1,Jacarepaguá,4,418,176,IPP com base em IBGE - Censo Demográfico 2022,,118,10244.18510565,1141.65452856869,10244.1851055702
302,766,Rua Daniel,1,2096,Inácio do Amaral,2002/12/17 00:00:00+00,120,Freguesia (Jacarepaguá),16,Jacarepaguá,4.1,Jacarepaguá,4,220,91,IPP com base em IBGE - Censo Demográfico 2022,,120,9242.6675566,705.943384803686,9242.66755650838
303,595,Ladeira da Reunião,1,2095,Fazenda Mato Alto,1995/04/05 00:00:00+00,123,Tanque,16,Jacarepaguá,4.1,Jacarepaguá,4,931,415,IPP com base em IBGE - Censo Demográfico 2022,,123,67602.42069576,2631.6392431914,67602.4206957142
304,714,Pantanal (RA - Santa Cruz),1,2137,Pantanal (RA - Santa Cruz),2002/05/16 00:00:00+00,149,Santa Cruz,19,Santa Cruz,5.3,Santa Cruz,5,952,399,IPP com base em IBGE - Censo Demográfico 2022,,149,62008.04608528,1266.1753072548,62008.0460851416
305,743,Praça Cândida Vargas,2,0,Isolada,2003/01/31 00:00:00+00,87,Honório Gurgel,15,Madureira,3.3,Madureira,3,117,44,IPP com base em IBGE - Censo Demográfico 2022,,087,8002.80412549,525.556326487121,8002.80412547992
306,765,Fazendinha de Água Santa,2,0,Isolada,2003/02/19 00:00:00+00,67,Água Santa,13,Méier,3.2,Méier,3,602,298,IPP com base em IBGE - Censo Demográfico 2022,,067,47059.7875929,2316.41210026101,47059.7875928947
307,594,Morro da Boa Esperança,1,2058,Vila Campinho,1995/05/09 00:00:00+00,124,Praça Seca,16,Jacarepaguá,4.1,Jacarepaguá,4,267,98,IPP com base em IBGE - Censo Demográfico 2022,,124,23667.46923846,918.494792064346,23667.469238465
308,764,Engenho da Serra,2,0,Isolada,2003/02/19 00:00:00+00,115,Jacarepaguá,16,Jacarepaguá,4.1,Jacarepaguá,4,188,76,IPP com base em IBGE - Censo Demográfico 2022,,115,35580.45444654,2467.01302119603,35580.4544465623
309,763,"Rua Monsenhor Marques, nº 277",2,0,Isolada,2003/01/16 00:00:00+00,121,Pechincha,16,Jacarepaguá,4.1,Jacarepaguá,4,56,22,IPP com base em IBGE - Censo Demográfico 2022,,121,2023.37903738,174.324514573089,2023.37903740274
310,762,Vacaria,2,0,Isolada,2003/01/15 00:00:00+00,122,Taquara,16,Jacarepaguá,4.1,Jacarepaguá,4,33,15,IPP com base em IBGE - Censo Demográfico 2022,,122,2057.32255388,192.716738023546,2057.32255391164
311,761,Avenida Guia Lopes,2,0,Isolada,2003/01/15 00:00:00+00,122,Taquara,16,Jacarepaguá,4.1,Jacarepaguá,4,48,22,IPP com base em IBGE - Censo Demográfico 2022,,122,4472.50710421,511.530237258976,4472.50710434422
312,760,Rua Sargento Paulo Moreira,2,0,Isolada,2003/01/15 00:00:00+00,120,Freguesia (Jacarepaguá),16,Jacarepaguá,4.1,Jacarepaguá,4,491,215,IPP com base em IBGE - Censo Demográfico 2022,,120,22833.58731806,775.694304010842,22833.5873180368
313,740,Morrinho,2,0,Isolada,2003/02/05 00:00:00+00,44,Penha Circular,11,Penha,3.5,Penha,3,100,42,IPP com base em IBGE - Censo Demográfico 2022,,044,6284.90257121,327.50639197767,6284.90257121964
314,589,Morro da Reunião,1,2095,Fazenda Mato Alto,1995/04/05 00:00:00+00,123,Tanque,16,Jacarepaguá,4.1,Jacarepaguá,4,114,63,IPP com base em IBGE - Censo Demográfico 2022,,123,16895.72724897,969.824521857951,16895.7272490267
315,579,A.M. e Amigos do Vale,1,2013,Unidos de Santa Tereza,1995/06/14 00:00:00+00,14,Santa Teresa,23,Santa Teresa,1.1,Centro,1,409,175,IPP com base em IBGE - Censo Demográfico 2022,,014,17868.05635156,812.813095941652,17868.0563514906
316,759,Vila Arco Íris,1,2092,Colônia Juliano Moreira,2003/02/18 00:00:00+00,115,Jacarepaguá,16,Jacarepaguá,4.1,Jacarepaguá,4,2735,1157,IPP com base em IBGE - Censo Demográfico 2022,,115,152380.01768656,2840.26606654422,152380.017686638
317,721,Do Horto,2,0,Isolada,2004/01/01 00:00:00+00,28,Jardim Botânico,6,Lagoa,2.1,Zona Sul,2,613,221,IPP com base em IBGE - Censo Demográfico 2022,,028,62939.5311162,3127.83520849959,62939.5311162187
318,644,Bela Vista do Mato Alto,1,2095,Fazenda Mato Alto,2002/03/25 00:00:00+00,124,Praça Seca,16,Jacarepaguá,4.1,Jacarepaguá,4,1693,683,IPP com base em IBGE - Censo Demográfico 2022,,124,76813.55894877,2040.96520481652,76813.5589486673
319,624,Vila Elza,1,2007,Vila Anchieta,1995/06/14 00:00:00+00,14,Santa Teresa,23,Santa Teresa,1.1,Centro,1,202,97,IPP com base em IBGE - Censo Demográfico 2022,,014,14476.06019036,808.21266484755,14476.0601903119
320,727,Nova Conquista (RA - Campo Grande),1,2130,Vila do Céu,2003/02/14 00:00:00+00,147,Cosmos,18,Campo Grande,5.2,Campo Grande,5,1740,690,IPP com base em IBGE - Censo Demográfico 2022,,147,84015.38162218,1503.77852516673,84015.3816220097
321,578,Pantanal (RA - Rio Comprido),1,2006,Turano,1995/06/06 00:00:00+00,7,Rio Comprido,3,Rio Comprido,1.1,Centro,1,387,124,IPP com base em IBGE - Censo Demográfico 2022,,007,25985.37316726,1378.27116339452,25985.3731672784
322,562,Engenheiro Alfredo Gonçalves,1,2042,Engenheiro Alfredo Gonçalves,1992/01/15 00:00:00+00,69,Piedade,13,Méier,3.2,Méier,3,729,366,IPP com base em IBGE - Censo Demográfico 2022,,069,57472.3543843,1555.3494534329,57472.3543844416
323,715,Fazenda Cassiana,2,0,Isolada,2002/04/29 00:00:00+00,148,Paciência,19,Santa Cruz,5.3,Santa Cruz,5,2797,1101,IPP com base em IBGE - Censo Demográfico 2022,,148,195827.1826114,2609.83151969555,195827.182611505
324,560,Estrada do Sertão,2,0,Isolada,1992/01/14 00:00:00+00,115,Jacarepaguá,16,Jacarepaguá,4.1,Jacarepaguá,4,920,464,IPP com base em IBGE - Censo Demográfico 2022,,115,92800.96745075,3083.66017015532,92800.9674507634
325,758,Rua Samaúna,2,0,Isolada,2003/01/07 00:00:00+00,152,Barra de Guaratiba,26,Guaratiba,5.4,Guaratiba,5,73,34,IPP com base em IBGE - Censo Demográfico 2022,,152,28577.49463643,1690.9473224136,28577.4946363869
326,756,Hélio Oiticica,2,0,Isolada,2002/12/19 00:00:00+00,130,Vargem Pequena,24,Barra da Tijuca,4.2,Barra da Tijuca,4,150,68,IPP com base em IBGE - Censo Demográfico 2022,,130,8654.74732821,427.136713531654,8654.74732822303
327,755,Comunidade Bandeirantes,2,0,Isolada,2003/02/18 00:00:00+00,131,Vargem Grande,24,Barra da Tijuca,4.2,Barra da Tijuca,4,409,181,IPP com base em IBGE - Censo Demográfico 2022,,131,18443.99616985,575.093600934082,18443.9961698554
328,753,Negrão de Lima,1,2053,Grota,2003/01/24 00:00:00+00,83,Madureira,15,Madureira,3.3,Madureira,3,67,35,IPP com base em IBGE - Censo Demográfico 2022,,083,2841.35941434,305.923874773531,2841.3594142951
329,752,Beco da Amizade,2,0,Isolada,2003/01/24 00:00:00+00,82,Cascadura,15,Madureira,3.3,Madureira,3,168,82,IPP com base em IBGE - Censo Demográfico 2022,,082,3151.28733546,231.760535598742,3151.28733543262
330,751,Travessa Antônio Avelino,1,2055,Parque Vila Nova,2003/01/31 00:00:00+00,88,Oswaldo Cruz,15,Madureira,3.3,Madureira,3,64,21,IPP com base em IBGE - Censo Demográfico 2022,,088,1400.84982992,294.070253814735,1400.84982992121
331,750,Rua José Felix de Mariz,2,0,Isolada,2003/02/03 00:00:00+00,78,Campinho,15,Madureira,3.3,Madureira,3,623,300,IPP com base em IBGE - Censo Demográfico 2022,,078,28988.41134954,935.262050307561,28988.4113496205
332,674,Rua Professor Silva Campos,1,2066,"Rua Budapeste, nº 66",2002/04/15 00:00:00+00,98,Freguesia (Ilha do Governador),20,Ilha do Governador,3.7,Ilha do Governador,3,348,170,IPP com base em IBGE - Censo Demográfico 2022,,098,18819.38418553,1025.39752712865,18819.3841855686
333,749,Caminho do Rio Pequeno,2,0,Isolada,2003/01/08 00:00:00+00,115,Jacarepaguá,16,Jacarepaguá,4.1,Jacarepaguá,4,252,101,IPP com base em IBGE - Censo Demográfico 2022,,115,26460.47250257,1938.04702444952,26460.4725025018
334,748,Força do Povo,1,2071,Parque Criança Esperança,2003/02/18 00:00:00+00,109,Ricardo de Albuquerque,22,Anchieta,3.6,Pavuna,3,227,83,IPP com base em IBGE - Censo Demográfico 2022,,109,16795.27252593,1012.0282219464,16795.2725259829
335,746,"Rua Embaú, nº 349",1,2079,Parque Unidos,2003/02/06 00:00:00+00,114,Pavuna,25,Pavuna,3.6,Pavuna,3,52,21,IPP com base em IBGE - Censo Demográfico 2022,,114,2046.36558304,278.781804352094,2046.3655831283
336,733,Novo Jardim Maravilha,2,0,Isolada,2003/02/17 00:00:00+00,151,Guaratiba,26,Guaratiba,5.4,Guaratiba,5,2344,917,IPP com base em IBGE - Censo Demográfico 2022,,151,124688.39550169,1658.29513861075,124688.395501797
337,744,Nova Olinda,2,0,Isolada,2003/02/06 00:00:00+00,114,Pavuna,25,Pavuna,3.6,Pavuna,3,574,228,IPP com base em IBGE - Censo Demográfico 2022,,114,27828.26961593,2331.59087258527,27828.2696160206
338,741,"Rua Castro Menezes, nº 928",1,2030,Morro da Guaíba,2003/01/28 00:00:00+00,45,Brás de Pina,11,Penha,3.5,Penha,3,13,7,IPP com base em IBGE - Censo Demográfico 2022,,045,1380.45079836,156.48854110373,1380.45079836356
339,739,Visconde de Sabóia,2,0,Isolada,2003/01/27 00:00:00+00,80,Cavalcanti,15,Madureira,3.3,Madureira,3,814,343,IPP com base em IBGE - Censo Demográfico 2022,,080,43204.22737852,1250.80417457908,43204.2273783865
340,738,Rua Brício de Moraes,1,2048,Morro do Juramento,2003/01/27 00:00:00+00,56,Tomás Coelho,12,Inhaúma,3.4,Inhaúma,3,219,131,IPP com base em IBGE - Censo Demográfico 2022,,056,14733.20915003,1055.1248240819,14733.209149984
341,737,Vitória da Conquista,2,0,Isolada,2003/02/03 00:00:00+00,90,Marechal Hermes,15,Madureira,3.3,Madureira,3,682,260,IPP com base em IBGE - Censo Demográfico 2022,,090,16706.88559061,640.319713803789,16706.8855906836
342,732,Beco sem Nome,2,0,Isolada,2003/02/17 00:00:00+00,144,Campo Grande,18,Campo Grande,5.2,Campo Grande,5,223,102,IPP com base em IBGE - Censo Demográfico 2022,,144,16037.27828961,547.255911899887,16037.2782895791
343,736,Beco do Rato,2,0,Isolada,2003/02/17 00:00:00+00,151,Guaratiba,26,Guaratiba,5.4,Guaratiba,5,438,209,IPP com base em IBGE - Censo Demográfico 2022,,151,110640.69712622,3417.83349662458,110640.697126234
344,735,Largo do Corrêa 1,1,2144,Largo do Corrêa 1,2003/02/17 00:00:00+00,151,Guaratiba,26,Guaratiba,5.4,Guaratiba,5,1533,718,IPP com base em IBGE - Censo Demográfico 2022,,151,132349.32310553,2430.45100534382,132349.323105451
345,734,Largo do Corrêa,1,2140,Areal,2003/02/17 00:00:00+00,151,Guaratiba,26,Guaratiba,5.4,Guaratiba,5,845,361,IPP com base em IBGE - Censo Demográfico 2022,,151,69980.91840725,2561.36987156483,69980.9184072297
346,731,Bairro Fernão Magalhães,2,0,Isolada,2003/02/17 00:00:00+00,144,Campo Grande,18,Campo Grande,5.2,Campo Grande,5,404,169,IPP com base em IBGE - Censo Demográfico 2022,,144,26457.18937646,761.74826050229,26457.1893764186
347,730,Caminho do Morro,2,0,Isolada,2003/02/14 00:00:00+00,144,Campo Grande,18,Campo Grande,5.2,Campo Grande,5,150,63,IPP com base em IBGE - Censo Demográfico 2022,,144,21470.01467694,1239.34183448932,21470.0146767859
348,729,Vilar Carioca,2,0,Isolada,2003/02/14 00:00:00+00,146,Inhoaíba,18,Campo Grande,5.2,Campo Grande,5,965,340,IPP com base em IBGE - Censo Demográfico 2022,,146,45996.78872421,1039.80576831633,45996.788724225
349,728,Parque Proletário Vila Esperança,2,0,Isolada,2003/02/14 00:00:00+00,146,Inhoaíba,18,Campo Grande,5.2,Campo Grande,5,709,287,IPP com base em IBGE - Censo Demográfico 2022,,146,30167.47374905,926.454719554584,30167.4737491271
350,642,Bairro Agulhas Negras,2,0,Isolada,2000/10/27 00:00:00+00,144,Campo Grande,18,Campo Grande,5.2,Campo Grande,5,3116,1188,IPP com base em IBGE - Censo Demográfico 2022,,144,166358.93939468,2752.28432659757,166358.939394788
351,726,29 de Março,1,2133,Vila Vitória (RA-Campo Grande),2003/02/14 00:00:00+00,148,Paciência,19,Santa Cruz,5.3,Santa Cruz,5,1232,477,IPP com base em IBGE - Censo Demográfico 2022,,148,80289.4321756,2350.43344613278,80289.4321756889
352,725,Cabuís (RA - Campo Grande),2,0,Isolada,2003/02/12 00:00:00+00,144,Campo Grande,18,Campo Grande,5.2,Campo Grande,5,352,120,IPP com base em IBGE - Censo Demográfico 2022,,144,20485.26941641,932.152759637169,20485.2694162668
353,722,"Av. Santa Cruz, nº 3.556",2,0,Isolada,2003/02/11 00:00:00+00,141,Bangu,17,Bangu,5.1,Bangu,5,176,60,IPP com base em IBGE - Censo Demográfico 2022,,141,4516.96137186,272.130210728118,4516.96137193952
354,662,Chácara do Tanque,2,0,Isolada,2002/03/21 00:00:00+00,123,Tanque,16,Jacarepaguá,4.1,Jacarepaguá,4,2355,1205,IPP com base em IBGE - Censo Demográfico 2022,,123,44432.54599744,847.524415532446,44432.5459975288
355,724,Prolongamento Senhora,2,0,Isolada,2003/02/12 00:00:00+00,144,Campo Grande,18,Campo Grande,5.2,Campo Grande,5,501,246,IPP com base em IBGE - Censo Demográfico 2022,,144,43917.67419671,1523.2490788224,43917.6741966226
356,713,Vila Verde (RA - Santa Cruz),1,2137,Pantanal (RA - Santa Cruz),2002/05/16 00:00:00+00,149,Santa Cruz,19,Santa Cruz,5.3,Santa Cruz,5,945,370,IPP com base em IBGE - Censo Demográfico 2022,,149,82065.35134225,2278.22756114434,82065.3513422091
357,712,Vale dos Eucaliptos,2,0,Isolada,2002/04/25 00:00:00+00,145,Senador Vasconcelos,18,Campo Grande,5.2,Campo Grande,5,628,201,IPP com base em IBGE - Censo Demográfico 2022,,145,48901.90059713,1384.5929740933,48901.9005970832
358,723,Caminho do Borges,1,2120,Tibagi,2003/02/11 00:00:00+00,141,Bangu,17,Bangu,5.1,Bangu,5,1095,411,IPP com base em IBGE - Censo Demográfico 2022,,141,51382.01048073,2541.33869838575,51382.01048075
359,703,Rua Bernardo de Vasconcelos e Adjacências,2,0,Isolada,2002/04/17 00:00:00+00,139,Realengo,33,Realengo,5.1,Bangu,5,347,162,IPP com base em IBGE - Censo Demográfico 2022,,139,10907.82014732,945.088180186488,10907.8201473899
360,720,Parque das Nogueiras,1,2114,Vila João Lopes,2002/04/24 00:00:00+00,139,Realengo,33,Realengo,5.1,Bangu,5,537,249,IPP com base em IBGE - Censo Demográfico 2022,,139,31471.73400953,1716.67253503825,31471.7340094666
361,719,Vasconcelos,1,2127,Marcondes da Luz,2002/04/25 00:00:00+00,145,Senador Vasconcelos,18,Campo Grande,5.2,Campo Grande,5,356,141,IPP com base em IBGE - Censo Demográfico 2022,,145,20714.88945845,710.082232996042,20714.8894585281
362,718,Rua Hélio Correa,2,0,Isolada,2002/05/15 00:00:00+00,150,Sepetiba,19,Santa Cruz,5.3,Santa Cruz,5,38,25,IPP com base em IBGE - Censo Demográfico 2022,,150,8587.41706706,669.12817413741,8587.41706706432
363,717,Estrada do Gandu,2,0,Isolada,2002/04/26 00:00:00+00,144,Campo Grande,18,Campo Grande,5.2,Campo Grande,5,81,39,IPP com base em IBGE - Censo Demográfico 2022,,144,11677.80809495,805.685115971499,11677.8080949459
364,716,Caminho da União,2,0,Isolada,2002/03/10 00:00:00+00,151,Guaratiba,26,Guaratiba,5.4,Guaratiba,5,65,28,IPP com base em IBGE - Censo Demográfico 2022,,151,5048.64258345,312.263872499576,5048.64258344764
365,710,Saquaçu,1,2138,Saquaçu,2002/05/23 00:00:00+00,148,Paciência,19,Santa Cruz,5.3,Santa Cruz,5,2706,1089,IPP com base em IBGE - Censo Demográfico 2022,,148,275488.10915235,3725.25628638743,275488.109152387
366,709,Beco do Carcará,2,0,Isolada,2002/05/23 00:00:00+00,148,Paciência,19,Santa Cruz,5.3,Santa Cruz,5,273,97,IPP com base em IBGE - Censo Demográfico 2022,,148,24322.3076495,1167.31695955947,24322.3076494879
367,711,Jardim Nossa Senhora das Graças,1,2126,Jardim Nossa Senhora das Graças,2002/04/26 00:00:00+00,144,Campo Grande,18,Campo Grande,5.2,Campo Grande,5,1992,693,IPP com base em IBGE - Censo Demográfico 2022,,144,156858.26240592,6406.60091041175,156858.26240583
368,704,Travessa Magarça,1,2141,Bairro de São Pedro,2002/05/08 00:00:00+00,151,Guaratiba,26,Guaratiba,5.4,Guaratiba,5,180,65,IPP com base em IBGE - Censo Demográfico 2022,,151,7882.5595386,424.697730206282,7882.55953864209
369,702,Vila Abrolhos,2,0,Isolada,2002/04/17 00:00:00+00,140,Padre Miguel,17,Bangu,5.1,Bangu,5,134,65,IPP com base em IBGE - Censo Demográfico 2022,,140,6995.52563936,382.6869096459,6995.52563927517
370,625,A.M. e Amigos de Santa Tereza,1,2014,Vila Paraíso,1995/05/29 00:00:00+00,14,Santa Teresa,23,Santa Teresa,1.1,Centro,1,282,120,IPP com base em IBGE - Censo Demográfico 2022,,014,4317.50216944,283.402843437423,4317.50216944703
371,708,Ziza,2,0,Isolada,2002/06/08 00:00:00+00,151,Guaratiba,26,Guaratiba,5.4,Guaratiba,5,232,98,IPP com base em IBGE - Censo Demográfico 2022,,151,14089.06209114,918.935653058442,14089.0620911371
372,707,Santa Clara,1,2143,Estrada do Magarça,2002/05/08 00:00:00+00,151,Guaratiba,26,Guaratiba,5.4,Guaratiba,5,713,302,IPP com base em IBGE - Censo Demográfico 2022,,151,71566.17371635,1860.07667644353,71566.1737164543
373,706,Bairro de São Pedro,1,2141,Bairro de São Pedro,2002/05/07 00:00:00+00,151,Guaratiba,26,Guaratiba,5.4,Guaratiba,5,948,377,IPP com base em IBGE - Censo Demográfico 2022,,151,47578.8803848,1162.31306240277,47578.8803847328
374,705,Rua Vale Verde,1,2141,Bairro de São Pedro,2002/05/08 00:00:00+00,151,Guaratiba,26,Guaratiba,5.4,Guaratiba,5,146,67,IPP com base em IBGE - Censo Demográfico 2022,,151,8378.80945986,424.557597920966,8378.8094598948
375,701,Jardim Luana,2,0,Isolada,2002/05/10 00:00:00+00,151,Guaratiba,26,Guaratiba,5.4,Guaratiba,5,809,356,IPP com base em IBGE - Censo Demográfico 2022,,151,53606.11868892,2052.26695985327,53606.1186888771
376,697,Nova Jersei,1,2136,Nova Jersei,2002/05/20 00:00:00+00,148,Paciência,19,Santa Cruz,5.3,Santa Cruz,5,5368,1938,IPP com base em IBGE - Censo Demográfico 2022,,148,293096.18069403,2677.57090629506,293096.180694001
377,699,1º de Abril,1,2136,Nova Jersei,2002/05/20 00:00:00+00,142,Senador Camará,17,Bangu,5.1,Bangu,5,2297,861,IPP com base em IBGE - Censo Demográfico 2022,,142,121988.20574612,2890.35524670898,121988.20574607
378,698,Colorado,1,2136,Nova Jersei,2002/05/20 00:00:00+00,148,Paciência,19,Santa Cruz,5.3,Santa Cruz,5,537,218,IPP com base em IBGE - Censo Demográfico 2022,,148,51802.37851802,2173.46559833604,51802.3785180934
379,651,Caricó,1,2067,Vila Joaniza,2002/04/11 00:00:00+00,104,Galeão,20,Ilha do Governador,3.7,Ilha do Governador,3,234,112,IPP com base em IBGE - Censo Demográfico 2022,,104,23937.48811092,1023.35697381878,23937.4881108805
380,673,Professora Justina Marques,2,0,Isolada,2002/04/21 00:00:00+00,143,Santíssimo,18,Campo Grande,5.2,Campo Grande,5,331,114,IPP com base em IBGE - Censo Demográfico 2022,,143,19674.41526054,1283.58380869472,19674.4152606392
381,672,Rua Tenente Lassance,1,2072,Vila São Sebastião,2002/04/08 00:00:00+00,107,Anchieta,22,Anchieta,3.6,Pavuna,3,107,47,IPP com base em IBGE - Censo Demográfico 2022,,107,9489.81881712,418.057304898967,9489.81881716179
382,700,"Av. das Américas, Km 37",2,0,Isolada,2002/05/10 00:00:00+00,151,Guaratiba,26,Guaratiba,5.4,Guaratiba,5,902,422,IPP com base em IBGE - Censo Demográfico 2022,,151,110723.47717891,5924.60673642439,110723.477179089
383,614,Centro Social União de Costa Barros,1,2075,Bairro da Pedreira,1995/04/20 00:00:00+00,113,Costa Barros,25,Pavuna,3.6,Pavuna,3,1499,561,IPP com base em IBGE - Censo Demográfico 2022,,113,39213.33834698,1374.33701533721,39213.3383469614
384,696,Nova Brasília - Três Pontes (RA - Santa Cruz),1,2139,Três Pontes,2002/05/20 00:00:00+00,149,Santa Cruz,19,Santa Cruz,5.3,Santa Cruz,5,1000,437,IPP com base em IBGE - Censo Demográfico 2022,,149,123437.60570478,3397.21440795461,123437.605704788
385,695,São Gomário,1,2139,Três Pontes,2002/05/16 00:00:00+00,149,Santa Cruz,19,Santa Cruz,5.3,Santa Cruz,5,179,102,IPP com base em IBGE - Censo Demográfico 2022,,149,17650.31017539,974.663054715864,17650.31017535
386,687,Jardim Guaratiba,2,0,Isolada,2002/05/13 00:00:00+00,151,Guaratiba,26,Guaratiba,5.4,Guaratiba,5,615,236,IPP com base em IBGE - Censo Demográfico 2022,,151,36629.57615743,3579.45005947225,36629.576157653
387,686,Cabuís (RA - Guaratiba),2,0,Isolada,2002/05/13 00:00:00+00,151,Guaratiba,26,Guaratiba,5.4,Guaratiba,5,309,138,IPP com base em IBGE - Censo Demográfico 2022,,151,17400.77358005,584.353519844984,17400.7735800553
388,685,Recanto dos Motoristas,2,0,Isolada,2002/05/13 00:00:00+00,151,Guaratiba,26,Guaratiba,5.4,Guaratiba,5,123,65,IPP com base em IBGE - Censo Demográfico 2022,,151,17628.94136925,1011.84214897891,17628.9413692532
389,623,Oito de Dezembro,1,2068,Associação Comunitária Vila Alvorada,1995/05/06 00:00:00+00,107,Anchieta,22,Anchieta,3.6,Pavuna,3,265,113,IPP com base em IBGE - Censo Demográfico 2022,,107,15381.50851026,799.833270699204,15381.50851025
390,671,Rua Adalberto Tanajura,1,2072,Vila São Sebastião,2002/04/08 00:00:00+00,107,Anchieta,22,Anchieta,3.6,Pavuna,3,124,46,IPP com base em IBGE - Censo Demográfico 2022,,107,5470.04673048,324.964502578177,5470.04673045291
391,661,Curicica II,1,2103,Vila União da Curicica,2002/03/26 00:00:00+00,119,Curicica,16,Jacarepaguá,4.1,Jacarepaguá,4,140,54,IPP com base em IBGE - Censo Demográfico 2022,,119,9050.08487668,409.284960786764,9050.08487666238
392,1132,Lavoura,0,0, ,2021/08/16 00:00:00+00,151,Guaratiba,26,Guaratiba,5.4,Guaratiba,5,350,138,IPP com base em IBGE - Censo Demográfico 2022,,151,29867.46704254,751.302322833961,29867.4670425116
393,694,Rua 66 (Cesarão),1,2134,Bairro Canaã,2002/05/15 00:00:00+00,149,Santa Cruz,19,Santa Cruz,5.3,Santa Cruz,5,629,254,IPP com base em IBGE - Censo Demográfico 2022,,149,59306.00621879,3909.31974300718,59306.0062188158
394,680,Vila Verde (RA - Campo Grande),1,2129,Nova Esperança (RA - Campo Grande),2002/04/18 00:00:00+00,143,Santíssimo,18,Campo Grande,5.2,Campo Grande,5,855,312,IPP com base em IBGE - Censo Demográfico 2022,,143,41067.88049064,1419.21599607719,41067.8804906016
395,679,Batistinha,1,2082,Vila Nova da Pavuna,2002/04/04 00:00:00+00,114,Pavuna,25,Pavuna,3.6,Pavuna,3,208,83,IPP com base em IBGE - Censo Demográfico 2022,,114,10315.90079776,421.715281650089,10315.9007978096
396,622,Associação Comunitária Vila Alvorada,1,2068,Associação Comunitária Vila Alvorada,1995/04/19 00:00:00+00,107,Anchieta,22,Anchieta,3.6,Pavuna,3,1082,475,IPP com base em IBGE - Censo Demográfico 2022,,107,29255.79693378,1080.63978613628,29255.7969337849
397,621,Parque Tiradentes,1,2071,Parque Criança Esperança,1995/04/19 00:00:00+00,109,Ricardo de Albuquerque,22,Anchieta,3.6,Pavuna,3,997,403,IPP com base em IBGE - Censo Demográfico 2022,,109,48496.54571516,952.739983007304,48496.5457149974
398,693,Parque Nova Cidade de Acari,1,2075,Bairro da Pedreira,2002/04/02 00:00:00+00,114,Pavuna,25,Pavuna,3.6,Pavuna,3,1354,539,IPP com base em IBGE - Censo Demográfico 2022,,114,75050.05419217,3676.74513584641,75050.0541921431
399,692,Vila Jurema 1,2,0,Isolada,2002/04/16 00:00:00+00,139,Realengo,33,Realengo,5.1,Bangu,5,269,112,IPP com base em IBGE - Censo Demográfico 2022,,139,11789.7137986,528.115710036844,11789.7137986474
400,613,Comunidade Jardim Paulista,1,2139,Três Pontes,1995/06/13 00:00:00+00,148,Paciência,19,Santa Cruz,5.3,Santa Cruz,5,389,175,IPP com base em IBGE - Censo Demográfico 2022,,148,15704.18727805,534.872162007041,15704.187278005
401,691,Alto Kennedy,1,2116,Alto Kennedy,2002/04/16 00:00:00+00,141,Bangu,17,Bangu,5.1,Bangu,5,3254,1218,IPP com base em IBGE - Censo Demográfico 2022,,141,129811.21318336,4615.43532254837,129811.213183339
402,690,Retiro das Mangueiras,1,2118,Fazenda Coqueiro,2002/05/27 00:00:00+00,141,Bangu,17,Bangu,5.1,Bangu,5,2445,873,IPP com base em IBGE - Censo Demográfico 2022,,141,65141.10755029,1298.57461577602,65141.1075502424
403,689,Castor de Andrade,1,2116,Alto Kennedy,2002/04/16 00:00:00+00,141,Bangu,17,Bangu,5.1,Bangu,5,75,37,IPP com base em IBGE - Censo Demográfico 2022,,141,6008.99217087,442.536779571149,6008.99217088697
404,688,Loteamento Josué,2,0,Isolada,2002/03/12 00:00:00+00,118,Cidade de Deus,34,Cidade de Deus,4.1,Jacarepaguá,4,743,294,IPP com base em IBGE - Censo Demográfico 2022,,118,17037.68066215,932.124023016834,17037.6806620265
405,684,Rua Sem Nome,2,0,Isolada,2002/04/21 00:00:00+00,143,Santíssimo,18,Campo Grande,5.2,Campo Grande,5,315,121,IPP com base em IBGE - Censo Demográfico 2022,,143,26344.79835708,2363.50035412203,26344.798357073
406,683,Vila São Sebastião,1,2072,Vila São Sebastião,2002/04/08 00:00:00+00,107,Anchieta,22,Anchieta,3.6,Pavuna,3,433,169,IPP com base em IBGE - Censo Demográfico 2022,,107,13922.82946437,564.535704450983,13922.8294643323
407,682,Retiro do Lameirão,1,2129,Nova Esperança (RA - Campo Grande),2002/04/18 00:00:00+00,143,Santíssimo,18,Campo Grande,5.2,Campo Grande,5,923,340,IPP com base em IBGE - Censo Demográfico 2022,,143,51404.88071839,1117.97054438188,51404.8802496635
408,681,Nova Esperança (RA - Campo Grande),1,2129,Nova Esperança (RA - Campo Grande),2002/04/18 00:00:00+00,143,Santíssimo,18,Campo Grande,5.2,Campo Grande,5,1244,436,IPP com base em IBGE - Censo Demográfico 2022,,143,56600.19048482,1591.52010596979,56600.190484936
409,677,Vila Nova da Pavuna,1,2082,Vila Nova da Pavuna,2002/04/04 00:00:00+00,114,Pavuna,25,Pavuna,3.6,Pavuna,3,845,320,IPP com base em IBGE - Censo Demográfico 2022,,114,35541.69139804,2775.3419268925,35541.691398228
410,678,Quitanda,1,2080,Quitanda,2002/04/08 00:00:00+00,113,Costa Barros,25,Pavuna,3.6,Pavuna,3,3163,1231,IPP com base em IBGE - Censo Demográfico 2022,,113,139293.62688245,5802.39856316053,139293.626882637
411,676,Vila Amaral,1,2082,Vila Nova da Pavuna,2002/04/04 00:00:00+00,114,Pavuna,25,Pavuna,3.6,Pavuna,3,475,190,IPP com base em IBGE - Censo Demográfico 2022,,114,23399.52454245,999.098354835002,23399.5245425265
412,663,Servidão D,2,0,Isolada,2002/03/27 00:00:00+00,132,Recreio dos Bandeirantes,24,Barra da Tijuca,4.2,Barra da Tijuca,4,1,1,IPP com base em IBGE - Censo Demográfico 2022,,132,1171.46287777,232.158690527371,1171.46287775003
413,670,Parque Nova Maracá,1,2037,Parque Nova Maracá,2002/04/01 00:00:00+00,56,Tomás Coelho,12,Inhaúma,3.4,Inhaúma,3,1554,676,IPP com base em IBGE - Censo Demográfico 2022,,056,123735.211595,2517.40783824091,123735.211594951
414,669,Parque Itambé,1,2027,Parque Itambé,2002/04/01 00:00:00+00,41,Ramos,10,Ramos,3.1,Ramos,3,2023,864,IPP com base em IBGE - Censo Demográfico 2022,,041,36591.12155848,874.16877795122,36591.1215584759
415,668,"Rua André Rocha, nº 2.630 B",2,0,Isolada,2002/03/20 00:00:00+00,122,Taquara,16,Jacarepaguá,4.1,Jacarepaguá,4,57,36,IPP com base em IBGE - Censo Demográfico 2022,,122,6723.85670621,380.232848483572,6723.85670618945
416,667,27 de Setembro,2,0,Isolada,2002/03/20 00:00:00+00,122,Taquara,16,Jacarepaguá,4.1,Jacarepaguá,4,69,44,IPP com base em IBGE - Censo Demográfico 2022,,122,8575.5074513,401.77146926388,8575.50745135874
417,666,Vale do Ipê,1,2092,Colônia Juliano Moreira,2002/03/20 00:00:00+00,115,Jacarepaguá,16,Jacarepaguá,4.1,Jacarepaguá,4,997,429,IPP com base em IBGE - Censo Demográfico 2022,,115,50155.70216086,987.139383624605,50155.7021608567
418,612,Gaspar de Lemos,2,0,Isolada,1995/05/17 00:00:00+00,151,Guaratiba,26,Guaratiba,5.4,Guaratiba,5,145,49,IPP com base em IBGE - Censo Demográfico 2022,,151,17459.39425937,829.732143362338,17459.3942593882
419,620,Parque Esperança (RA - Anchieta),1,2071,Parque Criança Esperança,1995/04/19 00:00:00+00,107,Anchieta,22,Anchieta,3.6,Pavuna,3,3308,1294,IPP com base em IBGE - Censo Demográfico 2022,,107,201464.37917772,3033.13944310451,201464.379177719
420,665,Parque Boa Esperança (RA - Pavuna),1,2076,Chico Mendes (Morro do Chapadão),2002/04/02 00:00:00+00,113,Costa Barros,25,Pavuna,3.6,Pavuna,3,3545,1416,IPP com base em IBGE - Censo Demográfico 2022,,113,219964.28831237,4170.59744560973,219964.288312335
421,660,Rua Professor Burlamáqui,1,2053,Grota,2002/04/01 00:00:00+00,84,Vaz Lobo,15,Madureira,3.3,Madureira,3,314,138,IPP com base em IBGE - Censo Demográfico 2022,,084,30013.11999888,1249.23250104339,30013.1199990144
422,659,Morro do Camorim,2,0,Isolada,2002/03/19 00:00:00+00,129,Camorim,24,Barra da Tijuca,4.2,Barra da Tijuca,4,516,203,IPP com base em IBGE - Censo Demográfico 2022,,129,41758.73402039,2956.91577312973,41758.7340202305
423,658,São Gonçalo do Amarante,2,0,Isolada,2002/03/19 00:00:00+00,115,Jacarepaguá,16,Jacarepaguá,4.1,Jacarepaguá,4,327,143,IPP com base em IBGE - Censo Demográfico 2022,,115,38696.65683309,1884.14906692927,38696.656833063
424,657,"Rua Urucuia, nº 570",2,0,Isolada,2002/03/25 00:00:00+00,125,Vila Valqueire,16,Jacarepaguá,4.1,Jacarepaguá,4,489,226,IPP com base em IBGE - Censo Demográfico 2022,,125,9553.89308042,432.925334532334,9553.89308034263
425,649,Vila Doutor Crespo,2,0,Isolada,2002/03/27 00:00:00+00,132,Recreio dos Bandeirantes,24,Barra da Tijuca,4.2,Barra da Tijuca,4,216,91,IPP com base em IBGE - Censo Demográfico 2022,,132,2654.2870887,401.95957972896,2654.28708868544
426,647,Cascatinha,2,0,Isolada,2002/03/19 00:00:00+00,131,Vargem Grande,24,Barra da Tijuca,4.2,Barra da Tijuca,4,1237,491,IPP com base em IBGE - Censo Demográfico 2022,,131,60138.08014245,1915.40819997825,60138.0801423913
427,604,Conjunto Minas de Prata,2,0,Isolada,1995/06/13 00:00:00+00,144,Campo Grande,18,Campo Grande,5.2,Campo Grande,5,271,121,IPP com base em IBGE - Censo Demográfico 2022,,144,21904.71420098,1053.74882998681,21904.7142010111
428,1130,Sítio do Padre,0,0, ,2021/08/16 00:00:00+00,146,Inhoaíba,18,Campo Grande,5.2,Campo Grande,5,219,89,IPP com base em IBGE - Censo Demográfico 2022,,146,22544.75419073,890.461309008792,22544.7541908035
429,655,Vila Nova Canaã,1,2067,Vila Joaniza,2002/04/11 00:00:00+00,104,Galeão,20,Ilha do Governador,3.7,Ilha do Governador,3,1011,404,IPP com base em IBGE - Censo Demográfico 2022,,104,104163.12070811,3766.09180667018,104163.120708177
430,654,"Travessa Estrada Grande, nº 1.397",1,2067,Vila Joaniza,2002/04/11 00:00:00+00,104,Galeão,20,Ilha do Governador,3.7,Ilha do Governador,3,118,60,IPP com base em IBGE - Censo Demográfico 2022,,104,24852.03440186,1434.45641691558,24852.034401947
431,648,Grota Funda,2,0,Isolada,2002/03/18 00:00:00+00,132,Recreio dos Bandeirantes,24,Barra da Tijuca,4.2,Barra da Tijuca,4,176,99,IPP com base em IBGE - Censo Demográfico 2022,,132,13147.1422424,511.142045191748,13147.1422423855
432,646,Estrada do Pontal (Caité),2,0,Isolada,2002/03/18 00:00:00+00,132,Recreio dos Bandeirantes,24,Barra da Tijuca,4.2,Barra da Tijuca,4,343,162,IPP com base em IBGE - Censo Demográfico 2022,,132,28646.39573458,1965.73883440092,28646.3957345995
433,645,Beirada do Rio,1,2108,Santa Efigênia,2002/03/14 00:00:00+00,118,Cidade de Deus,34,Cidade de Deus,4.1,Jacarepaguá,4,347,131,IPP com base em IBGE - Censo Demográfico 2022,,118,15067.45481317,1226.95709695374,15067.4548131116
434,643,Chico Mendes (Morro do Chapadão),1,2076,Chico Mendes (Morro do Chapadão),2001/02/23 00:00:00+00,113,Costa Barros,25,Pavuna,3.6,Pavuna,3,6096,2489,IPP com base em IBGE - Censo Demográfico 2022,,113,375518.0919632,3270.68557212434,375518.091963474
435,634,Areal,1,2140,Areal,2004/01/01 00:00:00+00,151,Guaratiba,26,Guaratiba,5.4,Guaratiba,5,2452,1088,IPP com base em IBGE - Censo Demográfico 2022,,151,201703.1496057,2761.79164620647,201703.149605653
436,597,Vila Nova Esperança,2,0,Isolada,1995/04/27 00:00:00+00,117,Gardênia Azul,16,Jacarepaguá,4.1,Jacarepaguá,4,6936,3273,IPP com base em IBGE - Censo Demográfico 2022,,117,111187.20966138,1330.43307043391,111187.209661552
437,619,Planalto,2,0,Isolada,1995/04/19 00:00:00+00,107,Anchieta,22,Anchieta,3.6,Pavuna,3,100,46,IPP com base em IBGE - Censo Demográfico 2022,,107,5126.27133094,476.201830734907,5126.27133091905
438,641,Luis Fernando Victor Filho,2,0,Isolada,2000/10/04 00:00:00+00,149,Santa Cruz,19,Santa Cruz,5.3,Santa Cruz,5,3221,1290,IPP com base em IBGE - Censo Demográfico 2022,,149,273790.97311747,4682.85732207712,273790.973117139
439,640,Novo Tinguí,2,0,Isolada,2000/09/20 00:00:00+00,144,Campo Grande,18,Campo Grande,5.2,Campo Grande,5,821,344,IPP com base em IBGE - Censo Demográfico 2022,,144,44888.82970605,1038.47664412191,44888.829706128
440,639,Novo Camarão,2,0,Isolada,2000/08/04 00:00:00+00,149,Santa Cruz,19,Santa Cruz,5.3,Santa Cruz,5,2327,943,IPP com base em IBGE - Censo Demográfico 2022,,149,222477.24619034,4634.18621094069,222477.246190276
441,635,Quatorze de Julho,1,2111,Quatorze de Julho,1999/08/10 00:00:00+00,138,Magalhães Bastos,33,Realengo,5.1,Bangu,5,258,107,IPP com base em IBGE - Censo Demográfico 2022,,138,15716.38505885,569.711944385841,15716.3850588827
442,633,São Jerônimo,2,0,Isolada,2004/01/01 00:00:00+00,144,Campo Grande,18,Campo Grande,5.2,Campo Grande,5,3927,1511,IPP com base em IBGE - Censo Demográfico 2022,,144,247186.53781922,5072.89408169263,247186.537819252
443,630,Comunidade Aramari,1,2071,Parque Criança Esperança,1995/04/19 00:00:00+00,107,Anchieta,22,Anchieta,3.6,Pavuna,3,154,57,IPP com base em IBGE - Censo Demográfico 2022,,107,5035.07185244,340.325149614205,5035.07185246977
444,629,Comunidade de Clara Nunes,1,2005,São Carlos,1995/06/14 00:00:00+00,7,Rio Comprido,3,Rio Comprido,1.1,Centro,1,144,22,IPP com base em IBGE - Censo Demográfico 2022,,007,5467.04544763,303.778103347295,5467.04544758711
445,628,Vila Santa Terezinha,2,0,Isolada,1995/05/16 00:00:00+00,127,Itanhangá,24,Barra da Tijuca,4.2,Barra da Tijuca,4,532,223,IPP com base em IBGE - Censo Demográfico 2022,,127,9070.18822243,489.13805357693,9070.18822245316
446,626,Vila Paraíso,1,2014,Vila Paraíso,1995/05/29 00:00:00+00,14,Santa Teresa,23,Santa Teresa,1.1,Centro,1,161,79,IPP com base em IBGE - Censo Demográfico 2022,,014,7517.70874473,391.977247046956,7517.70874476812
447,1121,Caminho do Rio Pequeno 2,0,0, ,2021/08/16 00:00:00+00,115,Jacarepaguá,16,Jacarepaguá,4.1,Jacarepaguá,4,25,10,IPP com base em IBGE - Censo Demográfico 2022,,115,4506.66384366,340.499694914578,4506.66384370234
448,618,Parque Criança Esperança,1,2071,Parque Criança Esperança,1995/04/19 00:00:00+00,106,Guadalupe,22,Anchieta,3.6,Pavuna,3,3627,1486,IPP com base em IBGE - Censo Demográfico 2022,,106,288819.98098937,5416.49068175698,288819.980989363
449,616,Ilha da Gigóia,2,0,Isolada,1995/06/23 00:00:00+00,128,Barra da Tijuca,24,Barra da Tijuca,4.2,Barra da Tijuca,4,11,6,IPP com base em IBGE - Censo Demográfico 2022,,128,1088.04242157,154.864507284174,1088.04242161655
450,617,Morro do Gari,2,0,Isolada,1995/06/22 00:00:00+00,13,Paquetá,21,Ilha de Paquetá,1.1,Centro,1,216,114,IPP com base em IBGE - Censo Demográfico 2022,,013,11971.26493461,452.68763394503,11971.2649345742
451,611,Beco do Coqueiral,1,2138,Saquaçu,1995/06/07 00:00:00+00,149,Santa Cruz,19,Santa Cruz,5.3,Santa Cruz,5,178,77,IPP com base em IBGE - Censo Demográfico 2022,,149,16768.00408396,993.88761569168,16768.0040840042
452,607,Jardim Nossa Senhora das Graças II,1,2126,Jardim Nossa Senhora das Graças,1995/06/13 00:00:00+00,144,Campo Grande,18,Campo Grande,5.2,Campo Grande,5,396,178,IPP com base em IBGE - Censo Demográfico 2022,,144,36290.71851582,1482.73165516779,36290.7185158616
453,583,Comunidade de São Miguel Arcanjo,1,2051,Faz Quem Quer (RA - Madureira),1995/05/09 00:00:00+00,83,Madureira,15,Madureira,3.3,Madureira,3,285,129,IPP com base em IBGE - Censo Demográfico 2022,,083,12272.07840215,569.726601051351,12272.0784019894
454,603,Jardim Clarice,1,2118,Fazenda Coqueiro,1995/07/03 00:00:00+00,142,Senador Camará,17,Bangu,5.1,Bangu,5,1703,720,IPP com base em IBGE - Censo Demográfico 2022,,142,108782.7733739,2212.04252128051,108782.773373721
455,602,Verde é Vida,1,2117,Falange,1995/05/02 00:00:00+00,142,Senador Camará,17,Bangu,5.1,Bangu,5,877,326,IPP com base em IBGE - Censo Demográfico 2022,,142,25905.85703188,707.508742465857,25905.8570319324
456,586,Condomínio Vila Darcy Vargas,2,0,Isolada,1995/04/05 00:00:00+00,115,Jacarepaguá,16,Jacarepaguá,4.1,Jacarepaguá,4,697,262,IPP com base em IBGE - Censo Demográfico 2022,,115,17577.54252932,709.137043350111,17577.5425291998
457,585,A.M. Morada do Magarça,2,0,Isolada,1995/05/17 00:00:00+00,151,Guaratiba,26,Guaratiba,5.4,Guaratiba,5,515,194,IPP com base em IBGE - Censo Demográfico 2022,,151,24033.88760307,945.029429326727,24033.8876030418
458,1142,Estrada da Estiva,0,0, ,2021/08/16 00:00:00+00,149,Santa Cruz,19,Santa Cruz,5.3,Santa Cruz,5,55,22,IPP com base em IBGE - Censo Demográfico 2022,,149,2866.01327201,286.468624629221,2866.01327200857
459,792,Morro do PEC,2,0,Isolada,2003/02/20 00:00:00+00,13,Paquetá,21,Ilha de Paquetá,1.1,Centro,1,217,105,IPP com base em IBGE - Censo Demográfico 2022,,013,10083.58781511,549.943694117284,10083.5878151349
460,601,Parque Nossa Senhora de Fátima,2,0,Isolada,1995/06/01 00:00:00+00,141,Bangu,17,Bangu,5.1,Bangu,5,672,287,IPP com base em IBGE - Censo Demográfico 2022,,141,57423.87083635,2201.83313346437,57423.8708364714
461,600,Comunidade Sobral,1,2112,Vila Brasil,1995/06/01 00:00:00+00,135,Vila Militar,33,Realengo,5.1,Bangu,5,555,222,IPP com base em IBGE - Censo Demográfico 2022,,135,8817.37798243,411.03203013361,8817.37798240023
462,598,Parque das Palmeiras,2,0,Isolada,1995/04/26 00:00:00+00,115,Jacarepaguá,16,Jacarepaguá,4.1,Jacarepaguá,4,222,83,IPP com base em IBGE - Censo Demográfico 2022,,115,8959.20799321,601.007976564076,8959.20799319818
463,1133,Beco da Felicidade,0,0, ,2021/08/16 00:00:00+00,151,Guaratiba,26,Guaratiba,5.4,Guaratiba,5,38,17,IPP com base em IBGE - Censo Demográfico 2022,,151,4538.33718537,334.030008005944,4538.33718540965
464,596,Travessa Efraim,1,2101,Via O,1995/03/31 00:00:00+00,118,Cidade de Deus,34,Cidade de Deus,4.1,Jacarepaguá,4,858,317,IPP com base em IBGE - Censo Demográfico 2022,,118,37025.32344502,2656.61741704807,37025.3234448723
465,592,Entre Rios,1,2092,Colônia Juliano Moreira,1995/05/31 00:00:00+00,115,Jacarepaguá,16,Jacarepaguá,4.1,Jacarepaguá,4,2080,797,IPP com base em IBGE - Censo Demográfico 2022,,115,80327.92897634,1927.83245550807,80327.9289763425
466,591,Parque Dois Irmãos,1,2092,Colônia Juliano Moreira,1995/05/30 00:00:00+00,115,Jacarepaguá,16,Jacarepaguá,4.1,Jacarepaguá,4,7662,3312,IPP com base em IBGE - Censo Demográfico 2022,,115,187367.50014358,3017.63766532632,187367.500143652
467,564,Rua São Jorge,2,0,Isolada,1991/07/09 00:00:00+00,120,Freguesia (Jacarepaguá),16,Jacarepaguá,4.1,Jacarepaguá,4,62,24,IPP com base em IBGE - Censo Demográfico 2022,,120,7504.43907853,517.46770130064,7504.43907849513
468,563,Quintanilha,2,0,Isolada,1991/07/23 00:00:00+00,120,Freguesia (Jacarepaguá),16,Jacarepaguá,4.1,Jacarepaguá,4,57,29,IPP com base em IBGE - Censo Demográfico 2022,,120,5692.14672217,424.873339027453,5692.14672210521
469,590,A.M. do Vale do Curicica,2,0,Isolada,1995/04/04 00:00:00+00,119,Curicica,16,Jacarepaguá,4.1,Jacarepaguá,4,1642,788,IPP com base em IBGE - Censo Demográfico 2022,,119,75521.09887527,2173.46257238454,75521.098875293
470,1122,Parque Liberal,0,0, ,2021/08/16 00:00:00+00,140,Padre Miguel,17,Bangu,5.1,Bangu,5,67,35,IPP com base em IBGE - Censo Demográfico 2022,,140,5586.67687066,857.842957194674,5586.67687063283
471,587,A.M. e Amigos de Rio das Pedras,1,2098,Rio das Pedras,1995/05/06 00:00:00+00,115,Jacarepaguá,16,Jacarepaguá,4.1,Jacarepaguá,4,9348,4674,IPP com base em IBGE - Censo Demográfico 2022,,115,69458.91088536,1792.55731158428,69458.9108853995
472,584,A. M. Pro-Melhoramento Olavo Gama e Adjacências,1,2144,Largo do Corrêa 1,1995/06/15 00:00:00+00,151,Guaratiba,26,Guaratiba,5.4,Guaratiba,5,1462,657,IPP com base em IBGE - Censo Demográfico 2022,,151,120420.82349465,2852.22976568797,120420.823494603
473,1157,Rua 17 de Fevereiro 1,0,0, ,2021/08/16 00:00:00+00,157,Maré,30,Complexo da Maré,3.1,Ramos,3,2,1,IPP com base em IBGE - Censo Demográfico 2022,,157,303.33782829,162.885287223045,303.33782828187
474,582,A.M. da Matriz,2,0,Isolada,1995/05/18 00:00:00+00,151,Guaratiba,26,Guaratiba,5.4,Guaratiba,5,955,436,IPP com base em IBGE - Censo Demográfico 2022,,151,105904.88955859,3354.26541178291,105904.889558646
475,581,A.M. da Ilha de Guaratiba,1,2142,Caminho do Abreu,1995/05/18 00:00:00+00,151,Guaratiba,26,Guaratiba,5.4,Guaratiba,5,140,77,IPP com base em IBGE - Censo Demográfico 2022,,151,27565.79026537,1375.3190933549,27565.7902652732
476,580,Rua Armando Sodré,1,2084,Complexo do Alemão,1995/06/20 00:00:00+00,156,Complexo do Alemão,29,Complexo do Alemão,3.4,Inhaúma,3,244,100,IPP com base em IBGE - Censo Demográfico 2022,,156,17373.28863341,619.132601064558,17373.2886333293
477,577,Parque da Pedra Branca,2,0,Isolada,1992/10/24 00:00:00+00,115,Jacarepaguá,16,Jacarepaguá,4.1,Jacarepaguá,4,211,67,IPP com base em IBGE - Censo Demográfico 2022,,115,76608.51121354,3106.25717131824,76608.5112134699
478,561,Travessa Maria José,1,2070,Beira Rio - Rua Arnaldo Murineli,1992/01/14 00:00:00+00,107,Anchieta,22,Anchieta,3.6,Pavuna,3,69,24,IPP com base em IBGE - Censo Demográfico 2022,,107,3048.73082456,276.821876304455,3048.73082451808
479,1131,Catingueira,0,0, ,2021/08/16 00:00:00+00,151,Guaratiba,26,Guaratiba,5.4,Guaratiba,5,382,170,IPP com base em IBGE - Censo Demográfico 2022,,151,61111.39504566,1935.72268916303,61111.3950458042
480,1127,Estrada de Tutóia,0,0, ,2021/08/16 00:00:00+00,147,Cosmos,18,Campo Grande,5.2,Campo Grande,5,85,36,IPP com base em IBGE - Censo Demográfico 2022,,147,12151.10832298,598.989232304832,12151.1083229767
481,1126,Estrada da Paciência,0,0, ,2021/08/16 00:00:00+00,147,Cosmos,18,Campo Grande,5.2,Campo Grande,5,144,59,IPP com base em IBGE - Censo Demográfico 2022,,147,26039.80795114,1051.04316470535,26039.8079511298
482,1125,Avenida Santa Cruz,0,0, ,2021/08/16 00:00:00+00,143,Santíssimo,18,Campo Grande,5.2,Campo Grande,5,160,59,IPP com base em IBGE - Censo Demográfico 2022,,143,23372.15882712,1120.01658042487,23372.1588272623
483,1124,Sítio Mandacaru,0,0, ,2021/08/16 00:00:00+00,143,Santíssimo,18,Campo Grande,5.2,Campo Grande,5,72,33,IPP com base em IBGE - Censo Demográfico 2022,,143,21439.01356599,752.889445784187,21439.0135659048
484,1123,Avenida Joaquim Magalhães,0,0, ,2021/08/16 00:00:00+00,145,Senador Vasconcelos,18,Campo Grande,5.2,Campo Grande,5,71,29,IPP com base em IBGE - Censo Demográfico 2022,,145,10387.91512465,711.906145589718,10387.9151248216
485,1114,Araçatiba,0,0, ,2021/08/16 00:00:00+00,151,Guaratiba,26,Guaratiba,5.4,Guaratiba,5,23,12,IPP com base em IBGE - Censo Demográfico 2022,,151,38536.1788615,1591.69503264449,38536.1788614601
486,1115,Estrada Roberto Burle Marx,0,0, ,2021/08/16 00:00:00+00,152,Barra de Guaratiba,26,Guaratiba,5.4,Guaratiba,5,41,28,IPP com base em IBGE - Censo Demográfico 2022,,152,11229.13530173,540.821689609897,11229.1353016611
487,1134,Loteamento Coutinho,0,0, ,2021/08/16 00:00:00+00,151,Guaratiba,26,Guaratiba,5.4,Guaratiba,5,39,16,IPP com base em IBGE - Censo Demográfico 2022,,151,7717.08545844,573.965881859419,7717.08545841523
488,1136,Ilha de Guaratiba,0,0, ,2021/08/16 00:00:00+00,151,Guaratiba,26,Guaratiba,5.4,Guaratiba,5,227,87,IPP com base em IBGE - Censo Demográfico 2022,,151,19535.82719852,905.870707563083,19535.8271985367
489,1137,ABC Guaratiba,0,0, ,2021/08/16 00:00:00+00,151,Guaratiba,26,Guaratiba,5.4,Guaratiba,5,27,13,IPP com base em IBGE - Censo Demográfico 2022,,151,6537.4869462,526.939180079473,6537.4869462177
490,1138,Estrada do Morro Cavado 1,0,0, ,2021/08/16 00:00:00+00,151,Guaratiba,26,Guaratiba,5.4,Guaratiba,5,24,11,IPP com base em IBGE - Censo Demográfico 2022,,151,7113.93853319,435.137883742782,7113.93853322168
491,1139,Estrada do Morro Cavado 2,0,0, ,2021/08/16 00:00:00+00,151,Guaratiba,26,Guaratiba,5.4,Guaratiba,5,17,9,IPP com base em IBGE - Censo Demográfico 2022,,151,6964.09317886,533.813132645332,6964.09317894887
492,1144,Rollas,0,0, ,2021/08/16 00:00:00+00,149,Santa Cruz,19,Santa Cruz,5.3,Santa Cruz,5,305,137,IPP com base em IBGE - Censo Demográfico 2022,,149,54564.71221752,2058.40571974931,54564.7122174839
493,1145,Jiló,0,0, ,2021/08/16 00:00:00+00,141,Bangu,17,Bangu,5.1,Bangu,5,124,54,IPP com base em IBGE - Censo Demográfico 2022,,141,15173.22942165,1375.20769027449,15173.2294215467
494,1147,Barracão,0,0, ,2021/08/16 00:00:00+00,127,Itanhangá,24,Barra da Tijuca,4.2,Barra da Tijuca,4,47,24,IPP com base em IBGE - Censo Demográfico 2022,,127,3935.79420772,391.659491176291,3935.79420772071
495,1151,Jardim Nossa Senhora das Graças VI,0,0, ,2021/08/16 00:00:00+00,144,Campo Grande,18,Campo Grande,5.2,Campo Grande,5,42,15,IPP com base em IBGE - Censo Demográfico 2022,,144,11896.23132978,681.973336168739,11896.2313298811
496,1150,Jardim Nossa Senhora das Graças V,0,0, ,2021/08/16 00:00:00+00,144,Campo Grande,18,Campo Grande,5.2,Campo Grande,5,55,21,IPP com base em IBGE - Censo Demográfico 2022,,144,7366.41295851,616.691851982679,7366.41295849521
497,1149,Jardim Nossa Senhora das Graças IV,0,0, ,2021/08/16 00:00:00+00,144,Campo Grande,18,Campo Grande,5.2,Campo Grande,5,32,12,IPP com base em IBGE - Censo Demográfico 2022,,144,3918.06270303,279.755156223212,3918.06270301156
498,1162,Favelinha do Engenho,0,0, ,2021/08/16 00:00:00+00,56,Tomás Coelho,12,Inhaúma,3.4,Inhaúma,3,105,48,IPP com base em IBGE - Censo Demográfico 2022,,056,14409.42007682,1516.72955478993,14409.420076727
499,1153,Vila São Jorge 2 (RA - Irajá),0,0, ,2021/08/16 00:00:00+00,77,Colégio,14,Irajá,3.3,Madureira,3,62,33,IPP com base em IBGE - Censo Demográfico 2022,,077,4527.63256014,983.667671531359,4527.63256022072
500,1119,Alto Simão 2,0,0, ,2021/08/16 00:00:00+00,57,São Francisco Xavier,13,Méier,3.2,Méier,3,95,39,IPP com base em IBGE - Censo Demográfico 2022,,057,6213.32455506,690.657995640472,6213.32455506905
501,1163,Avenida Brasil (RA - Bangu),0,0, ,2021/08/16 00:00:00+00,141,Bangu,17,Bangu,5.1,Bangu,5,61,27,IPP com base em IBGE - Censo Demográfico 2022,,141,4528.10447866,473.575088876294,4528.10447865237
502,1164,Miguel Sacramento,0,0, ,2021/08/16 00:00:00+00,144,Campo Grande,18,Campo Grande,5.2,Campo Grande,5,65,28,IPP com base em IBGE - Censo Demográfico 2022,,144,10140.49097748,409.133169293521,10140.4909774264
503,1165,Mato Alto,0,0, ,2021/08/16 00:00:00+00,151,Guaratiba,26,Guaratiba,5.4,Guaratiba,5,24,12,IPP com base em IBGE - Censo Demográfico 2022,,151,6664.63529261,387.757940893253,6664.63529255043
504,1155,Oitocentos,0,0, ,2021/08/16 00:00:00+00,80,Cavalcanti,15,Madureira,3.3,Madureira,3,74,38,IPP com base em IBGE - Censo Demográfico 2022,,080,9987.75254709,668.351978119708,9987.752547126
505,1161,Rua do Pecado,0,0, ,2021/08/16 00:00:00+00,47,Parada de Lucas,31,Vigário Geral,3.5,Penha,3,14,7,IPP com base em IBGE - Censo Demográfico 2022,,047,2526.11429065,310.905493976759,2526.11429062653
506,1129,Rua H,0,0, ,2021/08/16 00:00:00+00,147,Cosmos,18,Campo Grande,5.2,Campo Grande,5,31,14,IPP com base em IBGE - Censo Demográfico 2022,,147,4928.8230343,766.787049960254,4928.82303435417
507,1076,Avenida Canal,2,0,Isolada,2009/05/14 00:00:00+00,157,Maré,30,Complexo da Maré,3.1,Ramos,3,978,421,IPP com base em IBGE - Censo Demográfico 2022,,157,35312.91417833,2899.39162996314,35312.9141782587
508,664,"Avenida Meriti, nº 4.483",2,0,Isolada,2002/04/09 00:00:00+00,76,Irajá,14,Irajá,3.3,Madureira,3,1070,553,IPP com base em IBGE - Censo Demográfico 2022,,076,71766.7246379,3729.26669717995,71766.7246380483
509,615,A.M. do Morro do Vigário,2,0,Isolada,1995/06/22 00:00:00+00,13,Paquetá,21,Ilha de Paquetá,1.1,Centro,1,226,119,IPP com base em IBGE - Censo Demográfico 2022,,013,11003.28156712,504.34373425898,11003.2815671541
510,1116,Comunidade Vila dos Sonhos,0,0, ,2021/08/16 00:00:00+00,4,Caju,1,Portuária,1.1,Centro,1,109,38,IPP com base em IBGE - Censo Demográfico 2022,,004,4221.21504475,592.054654919588,4221.21504474088
511,1158,Rua Guilherme Frota,0,0, ,2021/08/16 00:00:00+00,157,Maré,30,Complexo da Maré,3.1,Ramos,3,7,3,IPP com base em IBGE - Censo Demográfico 2022,,157,612.68904588,214.694807493056,612.689045843073
512,1156,Suave,0,0, ,2021/08/16 00:00:00+00,157,Maré,30,Complexo da Maré,3.1,Ramos,3,8,4,IPP com base em IBGE - Censo Demográfico 2022,,157,916.63942257,133.229922059642,916.639422557545
513,1077,Avenida Canal II,2,0,Isolada,2009/05/14 00:00:00+00,157,Maré,30,Complexo da Maré,3.1,Ramos,3,75,33,IPP com base em IBGE - Censo Demográfico 2022,,157,1946.70178453,548.688591868095,1946.70178445616
514,1075,Comunidade Vila do Pinheiro,2,0,Isolada,2009/05/14 00:00:00+00,157,Maré,30,Complexo da Maré,3.1,Ramos,3,2909,1263,IPP com base em IBGE - Censo Demográfico 2022,,157,49250.05834284,1931.40965853618,49250.0583427873
515,931,Maré (Rua Guilherme Frota),2,0,Isolada,2009/01/15 00:00:00+00,157,Maré,30,Complexo da Maré,3.1,Ramos,3,16,7,IPP com base em IBGE - Censo Demográfico 2022,,157,1292.19889641,185.638963487473,1292.19889639852
516,783,Pata Choca,2,0,Isolada,2003/02/04 00:00:00+00,157,Maré,30,Complexo da Maré,3.1,Ramos,3,2041,890,IPP com base em IBGE - Censo Demográfico 2022,,157,42082.37048765,1992.16023776564,42082.3704875937
517,1154,Rua Sebastião de Souza Gouveia,0,0, ,2021/08/16 00:00:00+00,77,Colégio,14,Irajá,3.3,Madureira,3,28,13,IPP com base em IBGE - Censo Demográfico 2022,,077,2070.70039691,273.618779351877,2070.70039689002
518,1146,Jardim do Amanhã 2,0,0, ,2021/08/16 00:00:00+00,115,Jacarepaguá,16,Jacarepaguá,4.1,Jacarepaguá,4,148,52,IPP com base em IBGE - Censo Demográfico 2022,,115,24704.20571115,2722.57246973293,24704.2057110769
519,1117,Alto Simão 1,0,0, ,2021/08/16 00:00:00+00,57,São Francisco Xavier,13,Méier,3.2,Méier,3,72,31,IPP com base em IBGE - Censo Demográfico 2022,,057,4268.75522372,628.478739304638,4268.75522376103
520,1118,Alto Simão 3,0,0, ,2021/08/16 00:00:00+00,57,São Francisco Xavier,13,Méier,3.2,Méier,3,8,4,IPP com base em IBGE - Censo Demográfico 2022,,057,10458.68753796,1114.95423051701,10458.6875379297
521,1120,Comunidade Nova Jerusalém,0,0, ,2021/08/16 00:00:00+00,57,São Francisco Xavier,13,Méier,3.2,Méier,3,376,136,IPP com base em IBGE - Censo Demográfico 2022,,057,25840.34640772,2224.44093936036,25840.3464076956
522,1148,Terra Nostra,0,0, ,2021/08/16 00:00:00+00,112,Barros Filho,25,Pavuna,3.6,Pavuna,3,424,183,IPP com base em IBGE - Censo Demográfico 2022,,112,44530.04778832,1624.8576408825,44530.0477884038
523,160,Teixeira Bastos,2,0,Isolada,1981/07/27 00:00:00+00,66,Engenho de Dentro,13,Méier,3.2,Méier,3,40,29,IPP com base em IBGE - Censo Demográfico 2022,,066,1855.12604375,186.171728271312,1855.12604368262
524,1143,Comunidade Antares,0,0, ,2021/08/16 00:00:00+00,149,Santa Cruz,19,Santa Cruz,5.3,Santa Cruz,5,116,52,IPP com base em IBGE - Censo Demográfico 2022,,149,20624.81865766,1311.42997233328,20624.818657714
525,1141,Jesuítas,0,0, ,2021/08/16 00:00:00+00,149,Santa Cruz,19,Santa Cruz,5.3,Santa Cruz,5,227,100,IPP com base em IBGE - Censo Demográfico 2022,,149,34820.87813988,1280.63400130647,34820.8781398502
526,1140,Joana D`arc,0,0, ,2021/08/16 00:00:00+00,149,Santa Cruz,19,Santa Cruz,5.3,Santa Cruz,5,105,62,IPP com base em IBGE - Censo Demográfico 2022,,149,41394.23365483,924.505784610055,41394.2336547585
527,1109,Estrada de Sepetiba,0,0, ,2021/08/16 00:00:00+00,150,Sepetiba,19,Santa Cruz,5.3,Santa Cruz,5,4,2,IPP com base em IBGE - Censo Demográfico 2022,,150,1556.06147661,239.117411880768,1556.06147660125
528,1113,Vitor Dumas,0,0, ,2021/08/16 00:00:00+00,149,Santa Cruz,19,Santa Cruz,5.3,Santa Cruz,5,195,92,IPP com base em IBGE - Censo Demográfico 2022,,149,14484.64808191,535.480293945829,14484.648081811
529,1152,Avenida 1,0,0, ,2021/08/16 00:00:00+00,141,Bangu,17,Bangu,5.1,Bangu,5,100,42,IPP com base em IBGE - Censo Demográfico 2022,,141,8288.991739,687.717300756678,8288.99173897802
530,1128,Idalina,0,0, ,2021/08/16 00:00:00+00,147,Cosmos,18,Campo Grande,5.2,Campo Grande,5,163,74,IPP com base em IBGE - Censo Demográfico 2022,,147,15732.93807194,1224.27926329575,15732.9370362208
531,1111,Estrada do Catruz,0,0, ,2021/08/16 00:00:00+00,153,Pedra de Guaratiba,26,Guaratiba,5.4,Guaratiba,5,66,34,IPP com base em IBGE - Censo Demográfico 2022,,153,17458.3968989,687.446783398889,17458.3968989614
532,1112,Rua Professor Souza Pinto,0,0, ,2021/08/16 00:00:00+00,151,Guaratiba,26,Guaratiba,5.4,Guaratiba,5,310,126,IPP com base em IBGE - Censo Demográfico 2022,,151,26969.07457624,812.031158746354,26969.074576066
533,1110,Retiro do Motorista,0,0, ,2021/08/16 00:00:00+00,151,Guaratiba,26,Guaratiba,5.4,Guaratiba,5,164,78,IPP com base em IBGE - Censo Demográfico 2022,,151,23882.08194008,1121.61494123844,23882.0819400959
534,605,Parque Resplendor,2,0,Isolada,1995/06/08 00:00:00+00,147,Cosmos,18,Campo Grande,5.2,Campo Grande,5,374,143,IPP com base em IBGE - Censo Demográfico 2022,,147,18770.11694386,813.778922990627,18770.1169439577
535,1058,Estrela do Sul,1,2079,Parque Unidos,2009/05/13 00:00:00+00,158,Parque Colúmbia,25,Pavuna,3.6,Pavuna,3,516,189,IPP com base em IBGE - Censo Demográfico 2022,,158,27574.9567185,1005.78475588751,27574.9567185059
536,650,Antiga Creche,1,2092,Colônia Juliano Moreira,2002/03/26 00:00:00+00,119,Curicica,16,Jacarepaguá,4.1,Jacarepaguá,4,4658,2045,IPP com base em IBGE - Censo Demográfico 2022,,119,102028.83630287,3718.99516404219,102028.836303018
537,400,Batuta de Cordovil,2,0,Isolada,1986/05/20 00:00:00+00,46,Cordovil,31,Vigário Geral,3.5,Penha,3,591,253,IPP com base em IBGE - Censo Demográfico 2022,,046,9188.35976625,383.991312712915,9188.35976647486
538,407,Fazenda Velha,1,2072,Vila São Sebastião,1990/01/02 00:00:00+00,107,Anchieta,22,Anchieta,3.6,Pavuna,3,281,118,IPP com base em IBGE - Censo Demográfico 2022,,107,9756.53689179,498.24812687583,9756.53689179618
539,473,Vilar São Sebastião,2,0,Isolada,1991/08/05 00:00:00+00,122,Taquara,16,Jacarepaguá,4.1,Jacarepaguá,4,90,37,IPP com base em IBGE - Censo Demográfico 2022,,122,4822.74572735,360.258461102211,4822.74572730295
540,558,Comunidade dos Marianos,1,2042,Engenheiro Alfredo Gonçalves,1992/01/25 00:00:00+00,69,Piedade,13,Méier,3.2,Méier,3,679,262,IPP com base em IBGE - Censo Demográfico 2022,,069,24697.79684232,795.686286870051,24697.7968422157
541,537,Morro da Cotia,1,2044,Lins,1993/04/28 00:00:00+00,62,Lins de Vasconscelos,13,Méier,3.2,Méier,3,311,149,IPP com base em IBGE - Censo Demográfico 2022,,062,47135.34514534,1320.11078390672,47135.3469592969
542,25,Humaitá,2,0,Isolada,1981/06/05 00:00:00+00,21,Humaitá,4,Botafogo,2.1,Zona Sul,2,269,94,IPP com base em IBGE - Censo Demográfico 2022,,021,5150.89914888,397.92786180665,5150.89914888061
543,137,Céu Azul,1,2041,Dois de Maio,1981/06/23 00:00:00+00,61,Engenho Novo,13,Méier,3.2,Méier,3,1038,468,IPP com base em IBGE - Censo Demográfico 2022,,061,19646.95304315,642.293426232937,19646.9507522173
544,557,Comunidade Agrícola de Higienópolis,2,0,Isolada,1992/01/17 00:00:00+00,40,Bonsucesso,10,Ramos,3.1,Ramos,3,1043,470,IPP com base em IBGE - Censo Demográfico 2022,,040,19549.95478544,1162.78129832083,19549.9547854998
545,556,Parque Chico Mendes,2,0,Isolada,1991/02/18 00:00:00+00,132,Recreio dos Bandeirantes,24,Barra da Tijuca,4.2,Barra da Tijuca,4,4091,2715,IPP com base em IBGE - Censo Demográfico 2022,,132,76098.78746322,2961.05380118102,76098.7874631355
546,555,Bairro Barro Vermelho,1,2138,Saquaçu,1991/12/10 00:00:00+00,148,Paciência,19,Santa Cruz,5.3,Santa Cruz,5,4058,1589,IPP com base em IBGE - Censo Demográfico 2022,,148,216425.5456464,2840.09692247527,216425.545646435
547,554,Barreira,2,0,Isolada,1991/12/03 00:00:00+00,149,Santa Cruz,19,Santa Cruz,5.3,Santa Cruz,5,1189,490,IPP com base em IBGE - Censo Demográfico 2022,,149,68313.14118812,1282.2849860856,68313.1411880808
548,546,Palmares,2,0,Isolada,1991/08/29 00:00:00+00,130,Vargem Pequena,24,Barra da Tijuca,4.2,Barra da Tijuca,4,1460,713,IPP com base em IBGE - Censo Demográfico 2022,,130,74613.79971188,2045.14222280226,74613.8030076761
549,540,Alameda da Creche,1,2113,Vila do Vintém,1991/11/19 00:00:00+00,139,Realengo,33,Realengo,5.1,Bangu,5,109,44,IPP com base em IBGE - Censo Demográfico 2022,,139,4771.33791905,356.049147688141,4771.33791908033
550,538,Fazenda da Bica,2,0,Isolada,1991/12/10 00:00:00+00,82,Cascadura,15,Madureira,3.3,Madureira,3,127,65,IPP com base em IBGE - Censo Demográfico 2022,,082,8716.5521655,406.574219608313,8716.55216546798
551,536,Assis Martins,1,2057,Rua Embiri,1991/11/25 00:00:00+00,90,Marechal Hermes,15,Madureira,3.3,Madureira,3,54,23,IPP com base em IBGE - Censo Demográfico 2022,,090,2144.22882998,189.387223651571,2144.22882996693
552,553,Beco do Brizola,1,2138,Saquaçu,1991/12/01 00:00:00+00,148,Paciência,19,Santa Cruz,5.3,Santa Cruz,5,253,108,IPP com base em IBGE - Censo Demográfico 2022,,148,42214.40103896,2844.58450608094,42214.4010387847
553,552,Vila das Rosas,2,0,Isolada,1991/10/17 00:00:00+00,140,Padre Miguel,17,Bangu,5.1,Bangu,5,240,77,IPP com base em IBGE - Censo Demográfico 2022,,140,9075.88523882,438.091907009047,9075.88523887651
554,551,Pedacinho do Céu,1,2033,Dourados,1991/12/17 00:00:00+00,46,Cordovil,31,Vigário Geral,3.5,Penha,3,278,121,IPP com base em IBGE - Censo Demográfico 2022,,046,7784.59672057,357.124650050777,7784.59672071671
555,550,"Estrada do Engenho d'Água, nº 260 Fundos",2,0,Isolada,1991/07/25 00:00:00+00,116,Anil,16,Jacarepaguá,4.1,Jacarepaguá,4,35,14,IPP com base em IBGE - Censo Demográfico 2022,,116,2122.29111569,215.319012416581,2122.29111573584
556,549,Avenida das Lagoas,1,2091,Canal do Anil,1991/08/22 00:00:00+00,117,Gardênia Azul,16,Jacarepaguá,4.1,Jacarepaguá,4,967,562,IPP com base em IBGE - Censo Demográfico 2022,,117,23558.7525665,987.136018552391,23558.7525667895
557,548,"Rua 8W, 500",2,0,Isolada,1992/02/18 00:00:00+00,132,Recreio dos Bandeirantes,24,Barra da Tijuca,4.2,Barra da Tijuca,4,1166,453,IPP com base em IBGE - Censo Demográfico 2022,,132,20627.81260039,1418.05531780887,20627.812600319
558,547,Bom Jardim de Cordovil,2,0,Isolada,1991/12/02 00:00:00+00,46,Cordovil,31,Vigário Geral,3.5,Penha,3,141,75,IPP com base em IBGE - Censo Demográfico 2022,,046,6535.11418042,364.030665549046,6535.11418040161
559,531,Vila Bereti,1,2068,Associação Comunitária Vila Alvorada,1991/10/15 00:00:00+00,107,Anchieta,22,Anchieta,3.6,Pavuna,3,272,113,IPP com base em IBGE - Censo Demográfico 2022,,107,6766.97215505,406.189020718895,6766.97215514834
560,545,Vila Matinha,1,2084,Complexo do Alemão,1993/04/28 00:00:00+00,156,Complexo do Alemão,29,Complexo do Alemão,3.4,Inhaúma,3,981,388,IPP com base em IBGE - Censo Demográfico 2022,,156,74126.75127201,1789.81269475104,74126.7512721275
561,544,Estrada do Quitite,1,2088,Araticum,1991/08/06 00:00:00+00,115,Jacarepaguá,16,Jacarepaguá,4.1,Jacarepaguá,4,882,397,IPP com base em IBGE - Censo Demográfico 2022,,115,34217.49442833,1350.06985177317,34217.4944283245
562,543,Rua Santo Amos,1,2120,Tibagi,1991/10/01 00:00:00+00,142,Senador Camará,17,Bangu,5.1,Bangu,5,100,47,IPP com base em IBGE - Censo Demográfico 2022,,142,10499.84024666,491.920526670216,10499.8402466746
563,542,"Estrada Sargento Miguel Filho, nº 164",2,0,Isolada,1991/10/08 00:00:00+00,141,Bangu,17,Bangu,5.1,Bangu,5,122,58,IPP com base em IBGE - Censo Demográfico 2022,,141,8255.51506184,444.162482114739,8255.51506201465
564,541,Bairro Nova Aguiar,2,0,Isolada,1991/12/10 00:00:00+00,144,Campo Grande,18,Campo Grande,5.2,Campo Grande,5,446,188,IPP com base em IBGE - Censo Demográfico 2022,,144,32987.97270986,1146.12304866427,32987.9727096837
565,535,Morro do Bacalhau,1,2054,Morro do Juca,1991/11/14 00:00:00+00,82,Cascadura,15,Madureira,3.3,Madureira,3,104,49,IPP com base em IBGE - Censo Demográfico 2022,,082,4241.98831958,258.586643554855,4241.98831967066
566,533,Travessa Marques de Oliveira,1,2027,Parque Itambé,1991/11/07 00:00:00+00,41,Ramos,10,Ramos,3.1,Ramos,3,279,121,IPP com base em IBGE - Censo Demográfico 2022,,041,4106.39912617,299.220853357924,4106.39912620889
567,532,Vila Triagem,2,0,Isolada,1991/10/01 00:00:00+00,57,São Francisco Xavier,13,Méier,3.2,Méier,3,501,220,IPP com base em IBGE - Censo Demográfico 2022,,057,7923.36475501,426.442133846355,7923.36475499883
568,530,Rua Sérgio Silva,1,2037,Parque Nova Maracá,1991/11/12 00:00:00+00,55,Engenho da Rainha,12,Inhaúma,3.4,Inhaúma,3,463,217,IPP com base em IBGE - Censo Demográfico 2022,,055,26141.27751137,1243.14733466407,26141.2775112723
569,529,Fazenda Sapopemba,2,0,Isolada,1991/10/03 00:00:00+00,134,Deodoro,33,Realengo,5.1,Bangu,5,985,423,IPP com base em IBGE - Censo Demográfico 2022,,134,43705.55650281,1299.89379802415,43705.5562518336
570,1,Ladeira dos Funcionários,1,2001,Ladeira dos Funcionários,1981/02/21 00:00:00+00,4,Caju,1,Portuária,1.1,Centro,1,2235,919,IPP com base em IBGE - Censo Demográfico 2022,,004,48916.95662792,2154.46227540147,48916.956550371
571,6,Parque São Sebastião,1,2001,Ladeira dos Funcionários,1981/02/28 00:00:00+00,4,Caju,1,Portuária,1.1,Centro,1,1030,444,IPP com base em IBGE - Censo Demográfico 2022,,004,20683.05059973,1109.62830442523,20683.0505996553
572,3,Morro da Providência,1,2003,Providência,1981/02/14 00:00:00+00,2,Gamboa,1,Portuária,1.1,Centro,1,4282,1883,IPP com base em IBGE - Censo Demográfico 2022,,002,106307.95518841,3403.56209738022,106307.956400217
573,2,Moreira Pinto,2,0,Isolada,1981/03/10 00:00:00+00,3,Santo Cristo,1,Portuária,1.1,Centro,1,306,136,IPP com base em IBGE - Censo Demográfico 2022,,003,9017.61647316,518.733176686627,9017.61647329804
574,4,Parque Boa Esperança (RA - Portuária),2,0,Isolada,1981/07/24 00:00:00+00,4,Caju,1,Portuária,1.1,Centro,1,5898,2710,IPP com base em IBGE - Censo Demográfico 2022,,004,109078.66855526,2078.43576379718,109078.669085426
575,5,Parque Nossa Senhora da Penha,2,0,Isolada,1981/02/17 00:00:00+00,4,Caju,1,Portuária,1.1,Centro,1,1058,413,IPP com base em IBGE - Censo Demográfico 2022,,004,15690.50582269,830.611836578037,15690.5060536315
576,7,Pedra Lisa,1,2003,Providência,1981/02/24 00:00:00+00,2,Gamboa,1,Portuária,1.1,Centro,1,575,209,IPP com base em IBGE - Censo Demográfico 2022,,002,18771.59532924,669.320021322008,18771.5953292728
577,8,Quinta do Caju,2,0,Isolada,1981/07/01 00:00:00+00,4,Caju,1,Portuária,1.1,Centro,1,1985,910,IPP com base em IBGE - Censo Demográfico 2022,,004,56316.72085893,1158.70648997359,56316.7208590044
578,9,Bispo,1,2006,Turano,1981/07/31 00:00:00+00,7,Rio Comprido,3,Rio Comprido,1.1,Centro,1,1052,449,IPP com base em IBGE - Censo Demográfico 2022,,007,56464.0783467,1756.64669347041,56464.0783466304
579,10,Matinha (RA - Rio Comprido),1,2006,Turano,1982/02/18 00:00:00+00,7,Rio Comprido,3,Rio Comprido,1.1,Centro,1,1524,643,IPP com base em IBGE - Censo Demográfico 2022,,007,31754.21221219,1004.82406010484,31754.2122121884
580,27,Mangueira (RA - Botafogo),1,2016,Mangueira (RA - Botafogo),1981/06/05 00:00:00+00,20,Botafogo,4,Botafogo,2.1,Zona Sul,2,745,274,IPP com base em IBGE - Censo Demográfico 2022,,020,11201.5785057,596.394348765049,11201.5785056072
581,11,Azevedo Lima,1,2005,São Carlos,1981/08/19 00:00:00+00,7,Rio Comprido,3,Rio Comprido,1.1,Centro,1,2449,875,IPP com base em IBGE - Censo Demográfico 2022,,007,85821.59013073,2389.04557065366,85821.589330873
582,12,São Carlos,1,2005,São Carlos,1982/02/09 00:00:00+00,9,Estácio,3,Rio Comprido,1.1,Centro,1,10713,3017,IPP com base em IBGE - Censo Demográfico 2022,,009,122071.35234496,1755.14605204594,122071.352344851
583,448,Parque Jardim Metrô de Irajá,1,2049,Parque Bom Menino,1981/03/14 00:00:00+00,76,Irajá,14,Irajá,3.3,Madureira,3,457,218,IPP com base em IBGE - Censo Demográfico 2022,,076,12380.93928486,536.304073875718,12380.9392848215
584,13,Catumbi,1,2004,Catumbi,1981/11/30 00:00:00+00,6,Catumbi,3,Rio Comprido,1.1,Centro,1,6030,2437,IPP com base em IBGE - Censo Demográfico 2022,,006,126323.13577767,2844.44788753323,126323.134096239
585,15,Morro Santos Rodrigues,1,2004,Catumbi,1982/02/15 00:00:00+00,7,Rio Comprido,3,Rio Comprido,1.1,Centro,1,777,342,IPP com base em IBGE - Censo Demográfico 2022,,007,47333.85806084,1713.17483374244,47333.8567814403
586,18,Rato,2,0,Isolada,1981/08/21 00:00:00+00,9,Estácio,3,Rio Comprido,1.1,Centro,1,271,67,IPP com base em IBGE - Censo Demográfico 2022,,009,5083.65957682,429.173761743931,5083.65957674911
587,23,Cerro-Corá,1,2015,Guararapes,1981/06/26 00:00:00+00,19,Cosme Velho,4,Botafogo,2.1,Zona Sul,2,680,244,IPP com base em IBGE - Censo Demográfico 2022,,019,13369.39556321,505.144134266845,13369.3955632501
588,28,Morro Azul,2,0,Isolada,1981/05/27 00:00:00+00,15,Flamengo,4,Botafogo,2.1,Zona Sul,2,1093,404,IPP com base em IBGE - Censo Demográfico 2022,,015,21545.69723939,968.311975662887,21545.6972392815
589,30,Tavares Bastos,2,0,Isolada,1981/05/25 00:00:00+00,18,Catete,4,Botafogo,2.1,Zona Sul,2,1381,621,IPP com base em IBGE - Censo Demográfico 2022,,018,28135.15457747,996.711806227081,28135.1545777085
590,32,Vila da Imaculada Conceição,2,0,Isolada,1981/05/28 00:00:00+00,19,Cosme Velho,4,Botafogo,2.1,Zona Sul,2,144,57,IPP com base em IBGE - Censo Demográfico 2022,,019,6581.82519615,712.247570485178,6581.8251962126
591,33,Vila Pereira da Silva,2,0,Isolada,1981/05/29 00:00:00+00,17,Laranjeiras,4,Botafogo,2.1,Zona Sul,2,1284,506,IPP com base em IBGE - Censo Demográfico 2022,,017,47840.20379753,1304.13225068462,47840.2037974838
592,34,Vila Santo Amaro,2,0,Isolada,1981/05/27 00:00:00+00,18,Catete,4,Botafogo,2.1,Zona Sul,2,2986,1240,IPP com base em IBGE - Censo Demográfico 2022,,018,36703.895152,1104.12918610731,36703.8951519494
593,35,Babilônia,1,2017,Babilônia,1981/07/23 00:00:00+00,23,Leme,5,Copacabana,2.1,Zona Sul,2,2046,868,IPP com base em IBGE - Censo Demográfico 2022,,023,87016.06540314,2668.22154386385,87016.0654369734
594,449,Magno Martins,1,2062,Bela Vista da Pichuna,1990/03/06 00:00:00+00,98,Freguesia (Ilha do Governador),20,Ilha do Governador,3.7,Ilha do Governador,3,306,143,IPP com base em IBGE - Censo Demográfico 2022,,098,4599.25340017,353.116123388026,4599.25340022248
595,36,Chapéu Mangueira,1,2017,Babilônia,1981/07/23 00:00:00+00,23,Leme,5,Copacabana,2.1,Zona Sul,2,927,419,IPP com base em IBGE - Censo Demográfico 2022,,023,33874.13413449,1013.27141071555,33874.1345901469
596,37,Ladeira dos Tabajaras,1,2019,Morro dos Cabritos,1981/06/11 00:00:00+00,20,Botafogo,4,Botafogo,2.1,Zona Sul,2,1380,616,IPP com base em IBGE - Censo Demográfico 2022,,020,31229.34737447,1922.91384819591,31229.3473744271
597,51,Marechal Jardim,1,2010,Tuiuti,1981/03/20 00:00:00+00,10,São Cristóvão,7,São Cristóvão,1.1,Centro,1,1446,599,IPP com base em IBGE - Censo Demográfico 2022,,010,39549.46459627,1256.55180742999,39549.4645963021
598,57,Parque Horácio Cardoso Franco,1,2011,Vila Arará,1981/06/21 00:00:00+00,12,Benfica,7,São Cristóvão,1.1,Centro,1,614,266,IPP com base em IBGE - Censo Demográfico 2022,,012,10624.60931962,568.230297464792,10624.6093195773
599,53,Parque Alegria,1,2002,Parque Alegria,1981/07/27 00:00:00+00,4,Caju,1,Portuária,1.1,Centro,1,1997,947,IPP com base em IBGE - Censo Demográfico 2022,,004,24809.86582414,1511.28174191559,24809.8658241553
600,45,Vidigal,2,0,Isolada,1981/11/10 00:00:00+00,30,Vidigal,6,Lagoa,2.1,Zona Sul,2,11649,5037,IPP com base em IBGE - Censo Demográfico 2022,,030,295979.16778209,3488.95353010147,295979.167721771
601,38,Morro dos Cabritos,1,2019,Morro dos Cabritos,1981/07/08 00:00:00+00,24,Copacabana,5,Copacabana,2.1,Zona Sul,2,5099,2164,IPP com base em IBGE - Censo Demográfico 2022,,024,110544.42285431,3571.95186306422,110544.422854386
602,39,Pavão-Pavãozinho,1,2018,Cantagalo,1981/07/12 00:00:00+00,24,Copacabana,5,Copacabana,2.1,Zona Sul,2,7178,3366,IPP com base em IBGE - Censo Demográfico 2022,,024,62388.20322077,1630.879309211,62388.2032207573
603,42,Morro do Cantagalo,1,2018,Cantagalo,1981/07/30 00:00:00+00,25,Ipanema,6,Lagoa,2.1,Zona Sul,2,5420,2186,IPP com base em IBGE - Censo Demográfico 2022,,025,67561.0104003,1904.96218581519,67561.0104001203
604,54,Parque Candelária,1,2009,Mangueira (RA - São Cristóvão),1981/08/14 00:00:00+00,11,Mangueira,7,São Cristóvão,1.1,Centro,1,2528,1015,IPP com base em IBGE - Censo Demográfico 2022,,011,57381.33953427,2326.09090455058,57381.3399174803
605,55,Parque dos Mineiros,1,2010,Tuiuti,1981/03/17 00:00:00+00,10,São Cristóvão,7,São Cristóvão,1.1,Centro,1,667,252,IPP com base em IBGE - Censo Demográfico 2022,,010,21370.67481842,1059.93912142324,21370.674818518
606,58,Parque Vitória,1,2002,Parque Alegria,1981/09/01 00:00:00+00,4,Caju,1,Portuária,1.1,Centro,1,1607,677,IPP com base em IBGE - Censo Demográfico 2022,,004,16850.77292491,1211.74011233879,16850.7729251523
607,73,Morro do Bananal,2,0,Isolada,1981/06/01 00:00:00+00,33,Tijuca,8,Tijuca,2.2,Tijuca,2,29,8,IPP com base em IBGE - Censo Demográfico 2022,,033,3120.12581923,452.145091765702,3120.12581923867
608,43,Rocinha,2,0,Isolada,1982/05/26 00:00:00+00,154,Rocinha,27,Rocinha,2.1,Zona Sul,2,72021,32901,IPP com base em IBGE - Censo Demográfico 2022,,154,847899.95208917,9395.72458009575,847899.949631538
609,48,Conjunto Ataulfo Alves,2,0,Isolada,1981/07/21 00:00:00+00,12,Benfica,7,São Cristóvão,1.1,Centro,1,105,68,IPP com base em IBGE - Censo Demográfico 2022,,012,2916.08286021,292.634171988623,2916.08286006915
610,49,Rua Ferreira de Araújo,2,0,Isolada,1981/03/18 00:00:00+00,12,Benfica,7,São Cristóvão,1.1,Centro,1,134,57,IPP com base em IBGE - Censo Demográfico 2022,,012,3847.10952929,306.199770393168,3847.10952932422
611,50,Mangueira (RA - São Cristóvão),1,2009,Mangueira (RA - São Cristóvão),1981/08/14 00:00:00+00,11,Mangueira,7,São Cristóvão,1.1,Centro,1,4819,1880,IPP com base em IBGE - Censo Demográfico 2022,,011,118272.11944966,2258.83027997609,118272.119449528
612,56,Parque Herédia de Sá,1,2011,Vila Arará,1990/11/11 00:00:00+00,12,Benfica,7,São Cristóvão,1.1,Centro,1,2774,1274,IPP com base em IBGE - Censo Demográfico 2022,,012,48872.89086746,1901.90814538312,48872.8908674916
613,52,Morro dos Telégrafos,1,2009,Mangueira (RA - São Cristóvão),1981/03/17 00:00:00+00,11,Mangueira,7,São Cristóvão,1.1,Centro,1,5344,2180,IPP com base em IBGE - Censo Demográfico 2022,,011,146564.64172101,3210.51052289381,146564.637308002
614,450,Estrada da Saudade,1,2116,Alto Kennedy,1991/03/09 00:00:00+00,141,Bangu,17,Bangu,5.1,Bangu,5,729,303,IPP com base em IBGE - Censo Demográfico 2022,,141,34620.35119608,823.069295305466,34620.3511962319
615,60,Tuiuti,1,2010,Tuiuti,1981/03/18 00:00:00+00,10,São Cristóvão,7,São Cristóvão,1.1,Centro,1,3482,1417,IPP com base em IBGE - Censo Demográfico 2022,,010,93121.47850153,2391.39294255591,93121.4785016156
616,61,Vila Arará,1,2011,Vila Arará,1981/03/09 00:00:00+00,12,Benfica,7,São Cristóvão,1.1,Centro,1,4827,2070,IPP com base em IBGE - Censo Demográfico 2022,,012,81434.69602487,1728.22803395065,81434.696024976
617,62,Borel,1,2021,Borel,1988/01/02 00:00:00+00,33,Tijuca,8,Tijuca,2.2,Tijuca,2,7847,3093,IPP com base em IBGE - Censo Demográfico 2022,,033,339227.20166236,4912.27737456642,339227.202109144
618,65,Estrada do Tijuaçu,2,0,Isolada,1981/05/22 00:00:00+00,34,Alto da Boa Vista,8,Tijuca,2.2,Tijuca,2,1021,449,IPP com base em IBGE - Censo Demográfico 2022,,034,57814.35251434,1747.59135851277,57814.3525144321
619,66,França Junior,1,2024,Morro do Cruz,1988/08/02 00:00:00+00,33,Tijuca,8,Tijuca,2.2,Tijuca,2,208,82,IPP com base em IBGE - Censo Demográfico 2022,,033,6068.51052569,426.848080047233,6068.51052567774
620,67,Indiana,2,0,Isolada,1981/04/28 00:00:00+00,33,Tijuca,8,Tijuca,2.2,Tijuca,2,614,262,IPP com base em IBGE - Censo Demográfico 2022,,033,13426.90760718,830.42581853975,13426.9076071121
621,68,Mata Machado,2,0,Isolada,1988/08/02 00:00:00+00,34,Alto da Boa Vista,8,Tijuca,2.2,Tijuca,2,1766,684,IPP com base em IBGE - Censo Demográfico 2022,,034,68989.92463482,1608.24404922653,68989.9246348032
622,69,Morro da Casa Branca,1,2021,Borel,1981/04/13 00:00:00+00,33,Tijuca,8,Tijuca,2.2,Tijuca,2,1749,740,IPP com base em IBGE - Censo Demográfico 2022,,033,80611.05296887,1537.37166203035,80611.0529685787
623,70,Morro do Chacrinha,1,2006,Turano,1981/04/02 00:00:00+00,33,Tijuca,8,Tijuca,2.2,Tijuca,2,1141,435,IPP com base em IBGE - Censo Demográfico 2022,,033,32003.18496711,1008.61050172181,32003.1849672145
624,341,Parque Bela Vista,1,2077,"Gleba I, da Antiga Fazenda Botafogo",1981/09/23 00:00:00+00,87,Honório Gurgel,15,Madureira,3.3,Madureira,3,1465,630,IPP com base em IBGE - Censo Demográfico 2022,,087,43226.18379117,1299.13935296014,43226.1837912359
625,100,Parque João Goulart,1,2026,Manguinhos,1982/04/06 00:00:00+00,39,Manguinhos,10,Ramos,3.1,Ramos,3,1554,695,IPP com base em IBGE - Censo Demográfico 2022,,039,31677.99312073,1834.26585683316,31677.9896399239
626,74,Salgueiro,2,0,Isolada,1982/01/23 00:00:00+00,33,Tijuca,8,Tijuca,2.2,Tijuca,2,3404,1217,IPP com base em IBGE - Censo Demográfico 2022,,033,180406.53188832,3911.49451823367,180406.532539939
627,75,Arrelia,1,2025,Andaraí,1981/05/04 00:00:00+00,37,Andaraí,9,Vila Isabel,2.2,Tijuca,2,2346,954,IPP com base em IBGE - Censo Demográfico 2022,,037,110789.69630118,2427.16956190178,110789.695836316
628,76,Borda do Mato,1,2022,Parque João Paulo II,1981/05/24 00:00:00+00,38,Grajaú,9,Vila Isabel,2.2,Tijuca,2,498,198,IPP com base em IBGE - Censo Demográfico 2022,,038,30719.67257827,1203.35884004212,30719.6725782755
629,77,Buraco Quente,1,2024,Morro do Cruz,1982/02/03 00:00:00+00,37,Andaraí,9,Vila Isabel,2.2,Tijuca,2,459,205,IPP com base em IBGE - Censo Demográfico 2022,,037,12351.20027662,668.304867494938,12351.2002765129
630,101,Parque Oswaldo Cruz,2,0,Isolada,1981/03/20 00:00:00+00,39,Manguinhos,10,Ramos,3.1,Ramos,3,2842,1265,IPP com base em IBGE - Censo Demográfico 2022,,039,65493.10556037,1141.42974974402,65493.105560403
631,78,Jamelão,1,2025,Andaraí,1981/04/28 00:00:00+00,37,Andaraí,9,Vila Isabel,2.2,Tijuca,2,785,318,IPP com base em IBGE - Censo Demográfico 2022,,037,88635.89883534,3901.24727127977,88635.8998871893
632,79,Morro do Cruz,1,2024,Morro do Cruz,1981/04/07 00:00:00+00,37,Andaraí,9,Vila Isabel,2.2,Tijuca,2,1352,588,IPP com base em IBGE - Censo Demográfico 2022,,037,32319.06021445,886.82715193259,32319.060214473
633,98,Parque Carlos Chagas,1,2026,Manguinhos,1981/03/31 00:00:00+00,39,Manguinhos,10,Ramos,3.1,Ramos,3,1424,606,IPP com base em IBGE - Censo Demográfico 2022,,039,39181.42100882,2330.30492671655,39181.4232996811
634,102,Parque Proletário Monsenhor Brito,2,0,Isolada,1981/11/29 00:00:00+00,40,Bonsucesso,10,Ramos,3.1,Ramos,3,787,385,IPP com base em IBGE - Censo Demográfico 2022,,040,8621.00167494,410.574590462447,8621.0016748582
635,107,Tenente Pimentel,2,0,Isolada,1981/08/12 00:00:00+00,42,Olaria,10,Ramos,3.1,Ramos,3,313,110,IPP com base em IBGE - Censo Demográfico 2022,,042,5787.90323449,409.144226703855,5787.90323442176
636,104,Parque Rubens Vaz,1,2085,Maré,1986/01/30 00:00:00+00,157,Maré,30,Complexo da Maré,3.1,Ramos,3,4396,2022,IPP com base em IBGE - Censo Demográfico 2022,,157,74507.19931529,1907.16923099565,74507.1993153695
637,80,Morro dos Macacos,1,2023,Morro dos Macacos,1981/05/13 00:00:00+00,36,Vila Isabel,9,Vila Isabel,2.2,Tijuca,2,2570,963,IPP com base em IBGE - Censo Demográfico 2022,,036,190524.51586263,4245.83063092959,190524.515862684
638,81,Nova Divinéia,1,2022,Parque João Paulo II,1981/04/23 00:00:00+00,38,Grajaú,9,Vila Isabel,2.2,Tijuca,2,1791,761,IPP com base em IBGE - Censo Demográfico 2022,,038,54225.90834027,1401.08649167009,54225.9083402005
639,99,Parque Félix Ferreira,2,0,Isolada,1981/04/01 00:00:00+00,50,Higienópolis,12,Inhaúma,3.4,Inhaúma,3,285,126,IPP com base em IBGE - Censo Demográfico 2022,,050,13388.93503781,822.914986538173,13388.9350377907
640,138,Chácara de Del Castilho,2,0,Isolada,1981/07/21 00:00:00+00,53,Del Castilho,12,Inhaúma,3.4,Inhaúma,3,2519,949,IPP com base em IBGE - Censo Demográfico 2022,,053,32649.58383334,1046.09915385133,32649.5838334979
641,346,Rua Itatiba,1,2069,Avenida,1981/10/13 00:00:00+00,107,Anchieta,22,Anchieta,3.6,Pavuna,3,54,20,IPP com base em IBGE - Censo Demográfico 2022,,107,8014.34338152,723.799499688102,8014.34338147186
642,364,Cachorro Sentado,2,0,Isolada,1981/10/01 00:00:00+00,132,Recreio dos Bandeirantes,24,Barra da Tijuca,4.2,Barra da Tijuca,4,344,161,IPP com base em IBGE - Censo Demográfico 2022,,132,17108.30869796,1574.55492472234,17108.3086980465
643,82,Parque João Paulo II,1,2022,Parque João Paulo II,1981/05/26 00:00:00+00,38,Grajaú,9,Vila Isabel,2.2,Tijuca,2,2258,964,IPP com base em IBGE - Censo Demográfico 2022,,038,58567.53492172,3311.58703605045,58567.5348848381
644,83,Parque Vila Isabel,1,2023,Morro dos Macacos,1981/04/10 00:00:00+00,36,Vila Isabel,9,Vila Isabel,2.2,Tijuca,2,6739,2693,IPP com base em IBGE - Censo Demográfico 2022,,036,181939.28845269,3431.93842880775,181939.28845282
645,347,Rua Parnaíba,2,0,Isolada,1981/09/14 00:00:00+00,110,Coelho Neto,25,Pavuna,3.6,Pavuna,3,82,33,IPP com base em IBGE - Censo Demográfico 2022,,110,1884.04125483,179.36833478967,1884.0412548481
646,85,Chp-2,1,2026,Manguinhos,1982/03/15 00:00:00+00,39,Manguinhos,10,Ramos,3.1,Ramos,3,4656,1900,IPP com base em IBGE - Censo Demográfico 2022,,039,84717.00056504,3659.1431894857,84716.9987914973
647,86,Igreja Nossa Senhora da Conceição,2,0,Isolada,1981/08/12 00:00:00+00,41,Ramos,10,Ramos,3.1,Ramos,3,254,94,IPP com base em IBGE - Censo Demográfico 2022,,041,4306.86288208,405.056264411351,4306.86288207885
648,87,Itararé,1,2084,Complexo do Alemão,1981/05/14 00:00:00+00,156,Complexo do Alemão,29,Complexo do Alemão,3.4,Inhaúma,3,1408,575,IPP com base em IBGE - Censo Demográfico 2022,,156,44398.58602357,1036.31696474869,44398.5860235602
649,89,Joaquim de Queiróz,1,2084,Complexo do Alemão,1981/04/28 00:00:00+00,156,Complexo do Alemão,29,Complexo do Alemão,3.4,Inhaúma,3,5233,2233,IPP com base em IBGE - Censo Demográfico 2022,,156,157961.91800303,2870.99799981307,157961.918003117
650,117,Dourados,1,2033,Dourados,1981/04/30 00:00:00+00,46,Cordovil,31,Vigário Geral,3.5,Penha,3,649,288,IPP com base em IBGE - Censo Demográfico 2022,,046,38893.38963474,1356.45481352998,38893.3896349632
651,91,Morro da Baiana,1,2084,Complexo do Alemão,1981/04/27 00:00:00+00,156,Complexo do Alemão,29,Complexo do Alemão,3.4,Inhaúma,3,1492,597,IPP com base em IBGE - Censo Demográfico 2022,,156,48833.72200929,1967.53678812872,48833.7220092036
652,92,Morro do Adeus,1,2084,Complexo do Alemão,1981/04/03 00:00:00+00,156,Complexo do Alemão,29,Complexo do Alemão,3.4,Inhaúma,3,602,267,IPP com base em IBGE - Censo Demográfico 2022,,156,50148.72962312,1901.1694305591,50148.7289657431
653,95,Morro do Piancó,1,2084,Complexo do Alemão,1981/04/06 00:00:00+00,156,Complexo do Alemão,29,Complexo do Alemão,3.4,Inhaúma,3,603,300,IPP com base em IBGE - Censo Demográfico 2022,,156,49580.04582846,1629.66592084109,49580.0456317846
654,118,Mangueirinha,1,2030,Morro da Guaíba,1981/04/30 00:00:00+00,45,Brás de Pina,11,Penha,3.5,Penha,3,991,456,IPP com base em IBGE - Censo Demográfico 2022,,045,34219.54871606,1112.01374399402,34219.548715897
655,109,Vila Cruzeiro,1,2031,Penha,1981/05/28 00:00:00+00,42,Olaria,10,Ramos,3.1,Ramos,3,8041,3252,IPP com base em IBGE - Censo Demográfico 2022,,042,242372.6291669,2702.82402439932,242372.629333485
656,110,Vila Residencial Darcy Vargas,1,2027,Parque Itambé,1981/08/23 00:00:00+00,41,Ramos,10,Ramos,3.1,Ramos,3,459,197,IPP com base em IBGE - Censo Demográfico 2022,,041,8155.34707796,546.546819640017,8155.34707807852
657,111,Vila Santo Antônio (RA - Ramos),2,0,Isolada,1981/06/10 00:00:00+00,41,Ramos,10,Ramos,3.1,Ramos,3,387,160,IPP com base em IBGE - Censo Demográfico 2022,,041,10369.6727012,530.882304133895,10369.6727013094
658,112,Vila Turismo,1,2026,Manguinhos,1981/04/01 00:00:00+00,39,Manguinhos,10,Ramos,3.1,Ramos,3,3478,1563,IPP com base em IBGE - Censo Demográfico 2022,,039,75078.1252839,1740.06983600739,75078.1252841417
659,119,Morro da Caixa d'Água (RA - Penha),1,2028,Grotão,1981/07/01 00:00:00+00,44,Penha Circular,11,Penha,3.5,Penha,3,1046,559,IPP com base em IBGE - Censo Demográfico 2022,,044,83144.90193274,2015.09973427141,83144.9019329198
660,127,Parque Proletário de Vigário Geral,1,2034,Vigário Lucas,1981/06/05 00:00:00+00,48,Vigário Geral,31,Vigário Geral,3.5,Penha,3,4886,1991,IPP com base em IBGE - Censo Demográfico 2022,,048,192073.6401264,2410.86899088295,192073.635372374
661,113,Bairro Proletário do Dique,1,2032,Bairro Proletário do Dique,1981/08/06 00:00:00+00,48,Vigário Geral,31,Vigário Geral,3.5,Penha,3,5296,2096,IPP com base em IBGE - Censo Demográfico 2022,,048,245863.45880624,6068.61030604107,245863.459142491
662,116,Cordovil,2,0,Isolada,1981/07/10 00:00:00+00,46,Cordovil,31,Vigário Geral,3.5,Penha,3,1538,657,IPP com base em IBGE - Censo Demográfico 2022,,046,37797.45716147,1072.12030060675,37797.4571615045
663,126,Parque Proletário de Cordovil,1,2035,Vila Cambucí,1981/08/04 00:00:00+00,46,Cordovil,31,Vigário Geral,3.5,Penha,3,315,135,IPP com base em IBGE - Censo Demográfico 2022,,046,12026.13090751,569.81451320773,12026.1309074771
664,120,Morro da Fé,1,2028,Grotão,1981/09/02 00:00:00+00,44,Penha Circular,11,Penha,3.5,Penha,3,1781,961,IPP com base em IBGE - Censo Demográfico 2022,,044,84531.37500883,1712.48697081348,84531.3765642102
665,121,Morro da Guaíba,1,2030,Morro da Guaíba,1981/07/21 00:00:00+00,45,Brás de Pina,11,Penha,3.5,Penha,3,1277,635,IPP com base em IBGE - Censo Demográfico 2022,,045,61565.57304769,1701.05380605468,61565.5730477178
666,122,Morro do Caracol,1,2028,Grotão,1981/06/05 00:00:00+00,43,Penha,11,Penha,3.5,Penha,3,1155,453,IPP com base em IBGE - Censo Demográfico 2022,,043,72428.62276957,1512.70694228056,72428.6231064689
667,123,Morro do Sereno,1,2028,Grotão,1981/07/07 00:00:00+00,44,Penha Circular,11,Penha,3.5,Penha,3,346,138,IPP com base em IBGE - Censo Demográfico 2022,,044,39715.38389634,1210.75400153552,39715.383896486
668,124,Parque Furquim Mendes,1,2032,Bairro Proletário do Dique,1981/07/28 00:00:00+00,48,Vigário Geral,31,Vigário Geral,3.5,Penha,3,4599,1809,IPP com base em IBGE - Censo Demográfico 2022,,048,159120.17587799,2387.99939834786,159120.175878304
669,408,Rua Doutor Fernando,2,0,Isolada,1988/01/02 00:00:00+00,144,Campo Grande,18,Campo Grande,5.2,Campo Grande,5,306,119,IPP com base em IBGE - Censo Demográfico 2022,,144,11295.40219172,574.458377300239,11295.4021916782
670,128,Parque Proletário do Grotão,1,2028,Grotão,1981/06/01 00:00:00+00,43,Penha,11,Penha,3.5,Penha,3,1123,553,IPP com base em IBGE - Censo Demográfico 2022,,043,104736.40529391,1993.41562511477,104736.405293936
671,129,"Rua Frei Gaspar, nº 279",1,2028,Grotão,1981/07/23 00:00:00+00,44,Penha Circular,11,Penha,3.5,Penha,3,191,128,IPP com base em IBGE - Censo Demográfico 2022,,044,10307.21938905,514.847502285299,10307.2193890976
672,140,Dois de Maio,1,2041,Dois de Maio,1981/06/24 00:00:00+00,60,Sampaio,13,Méier,3.2,Méier,3,1554,590,IPP com base em IBGE - Censo Demográfico 2022,,060,47681.08432823,1810.01765617813,47681.0825361672
673,130,Rua Laudelino Freire,1,2031,Penha,1981/10/16 00:00:00+00,43,Penha,11,Penha,3.5,Penha,3,732,390,IPP com base em IBGE - Censo Demográfico 2022,,043,55028.78516374,2283.2577699355,55028.7837411451
674,131,Vila Cambucí,1,2035,Vila Cambucí,1981/07/24 00:00:00+00,46,Cordovil,31,Vigário Geral,3.5,Penha,3,594,254,IPP com base em IBGE - Censo Demográfico 2022,,046,22531.55552209,1197.02924208021,22531.5555221882
675,136,Belém-Belém,2,0,Isolada,1981/07/16 00:00:00+00,66,Engenho de Dentro,13,Méier,3.2,Méier,3,640,273,IPP com base em IBGE - Censo Demográfico 2022,,066,16474.50755861,973.24750815445,16474.5075586252
676,132,Rua Rodolfo Chambelland,2,0,Isolada,1981/08/03 00:00:00+00,49,Jardim América,31,Vigário Geral,3.5,Penha,3,386,213,IPP com base em IBGE - Censo Demográfico 2022,,049,29563.32803797,2459.7820801905,29563.3280385006
677,133,Serra Pelada,1,2035,Vila Cambucí,1981/07/24 00:00:00+00,46,Cordovil,31,Vigário Geral,3.5,Penha,3,508,194,IPP com base em IBGE - Censo Demográfico 2022,,046,11778.35906635,669.246227606275,11778.3590663522
678,134,Te Contei,1,2034,Vigário Lucas,1981/07/28 00:00:00+00,47,Parada de Lucas,31,Vigário Geral,3.5,Penha,3,329,154,IPP com base em IBGE - Censo Demográfico 2022,,047,4886.91995502,410.339491958963,4886.91995509201
679,125,Parque Jardim Beira Mar,1,2034,Vigário Lucas,1981/08/08 00:00:00+00,47,Parada de Lucas,31,Vigário Geral,3.5,Penha,3,8425,3752,IPP com base em IBGE - Censo Demográfico 2022,,047,235855.08030291,2695.9088393056,235855.079668882
680,135,Vila Proletária da Penha,1,2031,Penha,1981/03/30 00:00:00+00,43,Penha,11,Penha,3.5,Penha,3,12095,5408,IPP com base em IBGE - Censo Demográfico 2022,,043,367087.36322872,5709.86861370597,367087.370058023
681,139,Conjunto Residencial Fernão Cardin,2,0,Isolada,1981/07/22 00:00:00+00,66,Engenho de Dentro,13,Méier,3.2,Méier,3,2480,1020,IPP com base em IBGE - Censo Demográfico 2022,,066,51513.68535276,2011.39166142257,51513.6853529913
682,157,Rua Pereira Pinto,2,0,Isolada,1981/07/27 00:00:00+00,56,Tomás Coelho,12,Inhaúma,3.4,Inhaúma,3,264,96,IPP com base em IBGE - Censo Demográfico 2022,,056,7670.89639878,581.624286191496,7670.89639859246
683,141,Jacarezinho,1,2083,Jacarezinho,1981/12/14 00:00:00+00,155,Jacarezinho,28,Jacarezinho,3.2,Méier,3,30284,12365,IPP com base em IBGE - Censo Demográfico 2022,,155,373847.09648817,4603.21016734647,373847.097104008
684,142,Marlene,1,2147,Marlene,1981/07/23 00:00:00+00,51,Jacaré,13,Méier,3.2,Méier,3,548,232,IPP com base em IBGE - Censo Demográfico 2022,,051,10217.92669468,546.844751651056,10217.9266947169
685,143,Morro da Caixa d'Água (RA - Méier),1,2046,Morro do Urubu,1981/07/23 00:00:00+00,69,Piedade,13,Méier,3.2,Méier,3,637,272,IPP com base em IBGE - Censo Demográfico 2022,,069,48655.6699411,1788.87148997494,48655.6699412311
686,409,"Rua Oliveira Bueno, nº 832",1,2071,Parque Criança Esperança,1993/05/04 00:00:00+00,107,Anchieta,22,Anchieta,3.6,Pavuna,3,136,55,IPP com base em IBGE - Censo Demográfico 2022,,107,4170.84992425,259.795117435392,4170.84992412404
687,144,Morro do Engenho da Rainha,2,0,Isolada,1981/08/02 00:00:00+00,55,Engenho da Rainha,12,Inhaúma,3.4,Inhaúma,3,1104,497,IPP com base em IBGE - Censo Demográfico 2022,,055,71938.80144231,2545.09298652995,71938.8014424269
688,145,Morro do Trajano,2,0,Isolada,1981/06/24 00:00:00+00,71,Pilares,13,Méier,3.2,Méier,3,378,149,IPP com base em IBGE - Censo Demográfico 2022,,071,8827.13181179,601.657367992777,8827.13181201264
689,148,Nova Brasília (RA - Alemão),1,2084,Complexo do Alemão,1981/03/30 00:00:00+00,156,Complexo do Alemão,29,Complexo do Alemão,3.4,Inhaúma,3,12051,5136,IPP com base em IBGE - Censo Demográfico 2022,,156,339835.99437133,5734.08532522325,339835.99549848
690,149,Parque Proletário Águia de Ouro,1,2145,Parque Proletário Águia de Ouro,1981/07/02 00:00:00+00,54,Inhaúma,12,Inhaúma,3.4,Inhaúma,3,1201,427,IPP com base em IBGE - Censo Demográfico 2022,,054,44022.76198695,1628.97047668372,44022.7619869762
691,158,Seu Pedro,2,0,Isolada,1981/07/14 00:00:00+00,53,Del Castilho,12,Inhaúma,3.4,Inhaúma,3,174,87,IPP com base em IBGE - Censo Demográfico 2022,,053,10436.85016973,1701.83703845189,10436.8501696915
692,159,Tautá,1,2083,Jacarezinho,1981/07/27 00:00:00+00,155,Jacarezinho,28,Jacarezinho,3.2,Méier,3,337,176,IPP com base em IBGE - Censo Demográfico 2022,,155,6337.72047767,498.218597733525,6337.72047764226
693,183,"Rua Camarista Meier, nº 914",1,2040,Bairro Ouro Preto,1981/08/10 00:00:00+00,66,Engenho de Dentro,13,Méier,3.2,Méier,3,45,29,IPP com base em IBGE - Censo Demográfico 2022,,066,5891.4423591,385.61112401883,5891.44289197578
694,146,Morro do Urubu,1,2046,Morro do Urubu,1981/07/29 00:00:00+00,71,Pilares,13,Méier,3.2,Méier,3,2498,1046,IPP com base em IBGE - Censo Demográfico 2022,,071,154636.5533483,6029.87743701491,154636.553614233
695,147,Morro das Palmeiras,1,2084,Complexo do Alemão,1981/07/31 00:00:00+00,156,Complexo do Alemão,29,Complexo do Alemão,3.4,Inhaúma,3,1579,628,IPP com base em IBGE - Censo Demográfico 2022,,156,105360.90435593,1599.42558781471,105360.904356117
696,150,Parque Proletário Engenho da Rainha,2,0,Isolada,1981/07/27 00:00:00+00,55,Engenho da Rainha,12,Inhaúma,3.4,Inhaúma,3,1767,783,IPP com base em IBGE - Censo Demográfico 2022,,055,62629.14809252,2871.60573061321,62629.1456815863
697,151,Parque União de Del Castilho,1,2038,Parque União de Del Castilho,1981/06/25 00:00:00+00,53,Del Castilho,12,Inhaúma,3.4,Inhaúma,3,1741,752,IPP com base em IBGE - Censo Demográfico 2022,,053,49286.77731748,2837.3876351735,49286.7761788653
698,152,Pica Pau Amarelo,2,0,Isolada,1981/07/31 00:00:00+00,65,Cachambi,13,Méier,3.2,Méier,3,729,266,IPP com base em IBGE - Censo Demográfico 2022,,065,11757.60231357,761.143873290842,11757.602313694
699,153,"Praça Marimbá, 60 (Fundos)",2,0,Isolada,1981/08/11 00:00:00+00,155,Jacarezinho,28,Jacarezinho,3.2,Méier,3,118,44,IPP com base em IBGE - Censo Demográfico 2022,,155,2599.0056651,287.386371499262,2599.00566514156
700,154,Relicário,1,2084,Complexo do Alemão,1981/05/29 00:00:00+00,54,Inhaúma,12,Inhaúma,3.4,Inhaúma,3,271,128,IPP com base em IBGE - Censo Demográfico 2022,,054,44392.91389818,1062.74629960191,44392.9138983055
701,155,Rua Itabirito,1,2046,Morro do Urubu,1981/07/14 00:00:00+00,71,Pilares,13,Méier,3.2,Méier,3,338,140,IPP com base em IBGE - Censo Demográfico 2022,,071,18066.92217119,1177.15849017803,18066.9221711464
702,156,"Rua Matinoré, nº 163 (Fundos)",1,2083,Jacarezinho,1981/01/24 00:00:00+00,155,Jacarezinho,28,Jacarezinho,3.2,Méier,3,63,32,IPP com base em IBGE - Censo Demográfico 2022,,155,1026.97657891,130.926785598728,1026.97657887073
703,161,Vila Caramuru,1,2046,Morro do Urubu,1981/08/11 00:00:00+00,56,Tomás Coelho,12,Inhaúma,3.4,Inhaúma,3,742,285,IPP com base em IBGE - Censo Demográfico 2022,,056,25056.08005626,1038.78988614352,25056.0800562353
704,162,Vila União (RA - São Cristóvão),1,2026,Manguinhos,1981/03/19 00:00:00+00,12,Benfica,7,São Cristóvão,1.1,Centro,1,785,357,IPP com base em IBGE - Censo Demográfico 2022,,012,22953.707283,1493.67967684221,22953.7072830806
705,164,Barro Preto,1,2044,Lins,1981/08/21 00:00:00+00,61,Engenho Novo,13,Méier,3.2,Méier,3,508,197,IPP com base em IBGE - Censo Demográfico 2022,,061,27804.21814717,857.471127106301,27804.2172428465
706,165,Barro Vermelho,1,2044,Lins,1981/08/14 00:00:00+00,61,Engenho Novo,13,Méier,3.2,Méier,3,561,225,IPP com base em IBGE - Censo Demográfico 2022,,061,18520.07289718,595.958248463756,18520.07289717
707,166,Beco do Vitorino,1,2045,Morro do Pau Ferro,1981/08/17 00:00:00+00,68,Encantado,13,Méier,3.2,Méier,3,71,28,IPP com base em IBGE - Censo Demográfico 2022,,068,2494.28304653,231.275239817919,2494.28304650172
708,168,Cachoeirinha,1,2044,Lins,1981/08/18 00:00:00+00,62,Lins de Vasconscelos,13,Méier,3.2,Méier,3,1598,555,IPP com base em IBGE - Censo Demográfico 2022,,062,53446.67731463,1445.9815968843,53446.6773145799
709,169,"Cardoso de Mesquita, nº 28",2,0,Isolada,1981/08/17 00:00:00+00,67,Água Santa,13,Méier,3.2,Méier,3,64,31,IPP com base em IBGE - Censo Demográfico 2022,,067,5579.91782458,343.138608342585,5579.9178245367
710,170,Morro dos Mineiros,1,2046,Morro do Urubu,1992/01/09 00:00:00+00,69,Piedade,13,Méier,3.2,Méier,3,216,97,IPP com base em IBGE - Censo Demográfico 2022,,069,15166.64819011,584.752742147451,15166.6481900959
711,348,Sossego - Alegria,1,2032,Bairro Proletário do Dique,1981/08/06 00:00:00+00,114,Pavuna,25,Pavuna,3.6,Pavuna,3,1134,448,IPP com base em IBGE - Censo Demográfico 2022,,114,57482.55764907,1167.00869669972,57482.5576490538
712,171,Dona Francisca,1,2044,Lins,1981/08/19 00:00:00+00,62,Lins de Vasconscelos,13,Méier,3.2,Méier,3,1595,622,IPP com base em IBGE - Censo Demográfico 2022,,062,84504.59857401,1579.16514090919,84504.5985743292
713,173,Morro da Bacia,1,2044,Lins,1981/08/18 00:00:00+00,61,Engenho Novo,13,Méier,3.2,Méier,3,449,180,IPP com base em IBGE - Censo Demográfico 2022,,061,18404.56415022,787.655125225844,18404.563453266
714,174,Morro da Cachoeira Grande,1,2044,Lins,1981/08/18 00:00:00+00,62,Lins de Vasconscelos,13,Méier,3.2,Méier,3,1618,583,IPP com base em IBGE - Censo Demográfico 2022,,062,58260.73665741,1008.19820672749,58260.7366575584
715,175,Morro da Matriz,1,2047,Morro São João,1981/08/12 00:00:00+00,61,Engenho Novo,13,Méier,3.2,Méier,3,1128,483,IPP com base em IBGE - Censo Demográfico 2022,,061,40724.48389702,1388.81942811988,40724.485706661
716,179,Morro do Encontro,1,2044,Lins,1981/08/12 00:00:00+00,61,Engenho Novo,13,Méier,3.2,Méier,3,1291,553,IPP com base em IBGE - Censo Demográfico 2022,,061,66927.00277997,1735.67683612241,66927.0027797689
717,246,Espírito Santo,1,2058,Vila Campinho,1981/09/04 00:00:00+00,124,Praça Seca,16,Jacarepaguá,4.1,Jacarepaguá,4,1032,491,IPP com base em IBGE - Censo Demográfico 2022,,124,33086.00513564,1012.5476427405,33086.0051356419
718,176,Morro São João,1,2047,Morro São João,1981/05/06 00:00:00+00,61,Engenho Novo,13,Méier,3.2,Méier,3,2503,1040,IPP com base em IBGE - Censo Demográfico 2022,,061,110758.52621616,3325.59778413236,110758.525547859
719,177,Morro do Amor,1,2044,Lins,1981/08/19 00:00:00+00,62,Lins de Vasconscelos,13,Méier,3.2,Méier,3,1344,517,IPP com base em IBGE - Censo Demográfico 2022,,062,61643.47803104,2049.63418431876,61643.4780310247
720,178,Morro do Céu,1,2040,Bairro Ouro Preto,1981/08/10 00:00:00+00,62,Lins de Vasconscelos,13,Méier,3.2,Méier,3,645,305,IPP com base em IBGE - Censo Demográfico 2022,,062,55836.76671913,1962.14403353282,55836.7667191786
721,214,Oliveira Junqueira,1,2052,Sociedade Beneficiente e Social Frei,1981/12/18 00:00:00+00,90,Marechal Hermes,15,Madureira,3.3,Madureira,3,73,36,IPP com base em IBGE - Censo Demográfico 2022,,090,2455.48501156,310.474294547285,2455.48501158078
722,423,Do Larguinho,1,2110,Nilo,1988/04/01 00:00:00+00,139,Realengo,33,Realengo,5.1,Bangu,5,336,130,IPP com base em IBGE - Censo Demográfico 2022,,139,11038.06710807,504.329899699075,11038.0671078402
723,180,Morro Nossa Senhora da Guia,1,2044,Lins,1981/08/10 00:00:00+00,62,Lins de Vasconscelos,13,Méier,3.2,Méier,3,596,217,IPP com base em IBGE - Censo Demográfico 2022,,062,43633.19371819,1504.06526654003,43633.193718228
724,181,Morro do Queto,1,2047,Morro São João,1981/08/05 00:00:00+00,60,Sampaio,13,Méier,3.2,Méier,3,1049,418,IPP com base em IBGE - Censo Demográfico 2022,,060,35617.58149043,1263.38931056181,35617.5794074735
725,182,Pretos Forros,1,2040,Bairro Ouro Preto,1981/08/10 00:00:00+00,62,Lins de Vasconscelos,13,Méier,3.2,Méier,3,556,209,IPP com base em IBGE - Censo Demográfico 2022,,062,37354.28334208,1062.02019364486,37354.2832484303
726,184,Grotão de Costa Barros,1,2076,Chico Mendes (Morro do Chapadão),1991/09/17 00:00:00+00,113,Costa Barros,25,Pavuna,3.6,Pavuna,3,263,107,IPP com base em IBGE - Censo Demográfico 2022,,113,19337.31284242,1490.52751488832,19337.3128422744
727,215,Padre Manuel da Nóbrega,2,0,Isolada,1981/08/24 00:00:00+00,79,Quintino Bocaiúva,15,Madureira,3.3,Madureira,3,811,315,IPP com base em IBGE - Censo Demográfico 2022,,079,18527.85737838,758.932331942682,18527.8573784505
728,216,Parque Araruna,2,0,Isolada,1981/08/24 00:00:00+00,79,Quintino Bocaiúva,15,Madureira,3.3,Madureira,3,350,184,IPP com base em IBGE - Censo Demográfico 2022,,079,15905.72848489,937.822940807822,15905.7284850737
729,424,Beco da Usina,2,0,Isolada,1988/01/02 00:00:00+00,141,Bangu,17,Bangu,5.1,Bangu,5,2198,580,IPP com base em IBGE - Censo Demográfico 2022,,141,24809.13829289,807.249728226368,24809.1382927838
730,185,Santa Terezinha,1,2044,Lins,1981/08/29 00:00:00+00,62,Lins de Vasconscelos,13,Méier,3.2,Méier,3,2121,865,IPP com base em IBGE - Censo Demográfico 2022,,062,159921.53888403,2517.91890603892,159921.538273768
731,186,Santos Titara,2,0,Isolada,1981/08/05 00:00:00+00,64,Todos os Santos,13,Méier,3.2,Méier,3,47,23,IPP com base em IBGE - Censo Demográfico 2022,,064,1283.51525477,149.172536751327,1283.51525474144
732,187,Serra do Padilha,2,0,Isolada,1981/08/18 00:00:00+00,67,Água Santa,13,Méier,3.2,Méier,3,129,66,IPP com base em IBGE - Censo Demográfico 2022,,067,5962.99677449,451.354443403955,5962.99677445274
733,188,Travessa Bernardo,1,2045,Morro do Pau Ferro,1981/08/17 00:00:00+00,68,Encantado,13,Méier,3.2,Méier,3,218,80,IPP com base em IBGE - Censo Demográfico 2022,,068,4982.309137,350.530645877425,4982.30913696566
734,189,Vila Cabuçu,1,2044,Lins,1981/08/12 00:00:00+00,61,Engenho Novo,13,Méier,3.2,Méier,3,600,223,IPP com base em IBGE - Censo Demográfico 2022,,061,19685.04142209,722.952593577806,19685.0414220399
735,190,"Avenida Automóvel Clube, nº 8.340",2,0,Isolada,1981/09/14 00:00:00+00,77,Colégio,14,Irajá,3.3,Madureira,3,257,118,IPP com base em IBGE - Censo Demográfico 2022,,077,7267.84922261,561.916083173649,7267.84922233174
736,191,Barreira do Juca,1,2050,Barreira do Juca,1981/09/18 00:00:00+00,87,Honório Gurgel,15,Madureira,3.3,Madureira,3,1471,574,IPP com base em IBGE - Censo Demográfico 2022,,087,43292.33133143,1576.67433232426,43292.3313308155
737,217,Parque Silva Vale,1,2048,Morro do Juramento,1981/08/04 00:00:00+00,56,Tomás Coelho,12,Inhaúma,3.4,Inhaúma,3,1726,732,IPP com base em IBGE - Censo Demográfico 2022,,056,78833.87045861,2388.56230327825,78833.8704585789
738,192,Faz Quem Quer (RA - Madureira),1,2051,Faz Quem Quer (RA - Madureira),1981/09/18 00:00:00+00,86,Rocha Miranda,15,Madureira,3.3,Madureira,3,2055,790,IPP com base em IBGE - Censo Demográfico 2022,,086,123851.36243865,2910.6321632562,123851.363136324
739,194,Moisés Santana,1,2051,Faz Quem Quer (RA - Madureira),1981/09/18 00:00:00+00,85,Turiaçu,15,Madureira,3.3,Madureira,3,230,88,IPP com base em IBGE - Censo Demográfico 2022,,085,8043.80443068,368.645067750868,8043.80443077732
740,195,Morro do Juramento,1,2048,Morro do Juramento,1981/09/15 00:00:00+00,73,Vicente de Carvalho,14,Irajá,3.3,Madureira,3,6957,2951,IPP com base em IBGE - Censo Demográfico 2022,,073,311681.63253382,4988.68160691652,311681.6325342
741,218,Parque Vila Nova,1,2055,Parque Vila Nova,1981/10/22 00:00:00+00,88,Oswaldo Cruz,15,Madureira,3.3,Madureira,3,726,313,IPP com base em IBGE - Censo Demográfico 2022,,088,19525.34103805,931.688432734738,19525.3410380503
742,219,"Rua Baleares, nº 172 - Rua Amália, nº 286",1,2056,Rua Baleares,1981/10/05 00:00:00+00,80,Cavalcanti,15,Madureira,3.3,Madureira,3,1021,429,IPP com base em IBGE - Censo Demográfico 2022,,080,41816.91866711,1575.86039659271,41816.9186672204
743,196,Morro do Sapê,1,2051,Faz Quem Quer (RA - Madureira),1981/09/18 00:00:00+00,84,Vaz Lobo,15,Madureira,3.3,Madureira,3,1168,492,IPP com base em IBGE - Censo Demográfico 2022,,084,93559.76570589,3183.80143799476,93559.7657054919
744,198,Rua Miguel Dibo,2,0,Isolada,1981/09/14 00:00:00+00,76,Irajá,14,Irajá,3.3,Madureira,3,246,91,IPP com base em IBGE - Censo Demográfico 2022,,076,12023.90633932,591.627487494767,12023.9063394246
745,199,Vila Operária Diamantes,1,2050,Barreira do Juca,1981/10/05 00:00:00+00,87,Honório Gurgel,15,Madureira,3.3,Madureira,3,298,123,IPP com base em IBGE - Censo Demográfico 2022,,087,13521.26491639,918.135220041298,13521.2649162818
746,197,Morro União,2,0,Isolada,1981/09/14 00:00:00+00,110,Coelho Neto,25,Pavuna,3.6,Pavuna,3,3864,1538,IPP com base em IBGE - Censo Demográfico 2022,,110,134970.56496107,1741.36071832706,134970.56496123
747,200,Vila São Jorge (RA - Irajá),2,0,Isolada,1981/09/14 00:00:00+00,77,Colégio,14,Irajá,3.3,Madureira,3,9179,3666,IPP com base em IBGE - Censo Demográfico 2022,,077,217720.51080436,4185.68772687206,217720.510804515
748,208,"Rua Joaquim Martins, nº 378-Fundos",2,0,Isolada,1981/08/19 00:00:00+00,69,Piedade,13,Méier,3.2,Méier,3,13,7,IPP com base em IBGE - Censo Demográfico 2022,,069,1204.14863799,167.749227022532,1204.14863795999
749,242,Caxangá,1,2095,Fazenda Mato Alto,1981/09/08 00:00:00+00,123,Tanque,16,Jacarepaguá,4.1,Jacarepaguá,4,298,142,IPP com base em IBGE - Censo Demográfico 2022,,123,13509.93321451,743.817070626595,13509.9332146626
750,201,"Rua Congo, nº 147",1,2116,Alto Kennedy,1991/09/02 00:00:00+00,141,Bangu,17,Bangu,5.1,Bangu,5,1673,630,IPP com base em IBGE - Censo Demográfico 2022,,141,85677.05438971,2036.20367216808,85677.0545564539
751,202,Avenida do Tenente,2,0,Isolada,1981/08/31 00:00:00+00,89,Bento Ribeiro,15,Madureira,3.3,Madureira,3,224,81,IPP com base em IBGE - Censo Demográfico 2022,,089,4243.83534912,313.932449807803,4243.83534906155
752,203,Buriti - Congonhas,1,2051,Faz Quem Quer (RA - Madureira),1981/08/27 00:00:00+00,83,Madureira,15,Madureira,3.3,Madureira,3,1896,659,IPP com base em IBGE - Censo Demográfico 2022,,083,89098.8008346,2260.04931227369,89098.8020677617
753,204,Monte Carmelo,2,0,Isolada,1981/08/31 00:00:00+00,89,Bento Ribeiro,15,Madureira,3.3,Madureira,3,242,103,IPP com base em IBGE - Censo Demográfico 2022,,089,8144.75307517,404.973552035093,8144.75307526872
754,205,"Rua Araticum, nº 832",1,2088,Araticum,1991/08/19 00:00:00+00,116,Anil,16,Jacarepaguá,4.1,Jacarepaguá,4,1054,480,IPP com base em IBGE - Censo Demográfico 2022,,116,26286.87938082,727.08257522894,26286.8793808491
755,220,Rua Embiri,1,2057,Rua Embiri,1981/09/01 00:00:00+00,89,Bento Ribeiro,15,Madureira,3.3,Madureira,3,245,103,IPP com base em IBGE - Censo Demográfico 2022,,089,15889.68442845,554.68951491006,15889.6844284245
756,221,Rua Engenheiro Clóvis nº 304,2,0,Isolada,1981/08/17 00:00:00+00,69,Piedade,13,Méier,3.2,Méier,3,85,35,IPP com base em IBGE - Censo Demográfico 2022,,069,2598.35199025,319.991474290282,2598.35199023697
757,222,Sociedade Beneficiente e Social Frei Sampaio,1,2052,Sociedade Beneficiente e Social Frei,1995/06/02 00:00:00+00,90,Marechal Hermes,15,Madureira,3.3,Madureira,3,306,131,IPP com base em IBGE - Censo Demográfico 2022,,090,5390.78762415,296.104726792852,5390.78762417751
758,223,"Rua Iguaçu, nº 360, casa 23",2,0,Isolada,1981/09/03 00:00:00+00,81,Engenheiro Leal,15,Madureira,3.3,Madureira,3,261,106,IPP com base em IBGE - Censo Demográfico 2022,,081,22043.79139096,740.104214606028,22043.7913909075
759,224,Cristo Rei,1,2057,Rua Embiri,1981/09/01 00:00:00+00,90,Marechal Hermes,15,Madureira,3.3,Madureira,3,184,69,IPP com base em IBGE - Censo Demográfico 2022,,090,4344.52607593,268.199249993832,4344.52607604399
760,206,Grota,1,2053,Grota,1981/09/06 00:00:00+00,83,Madureira,15,Madureira,3.3,Madureira,3,1248,677,IPP com base em IBGE - Censo Demográfico 2022,,083,125391.2104925,3333.94545000359,125391.210047062
761,207,Jardim Piedade,1,2043,Jardim Piedade,1981/08/25 00:00:00+00,69,Piedade,13,Méier,3.2,Méier,3,3316,1275,IPP com base em IBGE - Censo Demográfico 2022,,069,148216.49861769,3270.41657774256,148216.498175927
762,247,Estrada do Catonho I,2,0,Isolada,1981/09/10 00:00:00+00,122,Taquara,16,Jacarepaguá,4.1,Jacarepaguá,4,562,228,IPP com base em IBGE - Censo Demográfico 2022,,122,21314.93894171,725.677425397432,21314.9389416127
763,209,Morro da Iguaíba,1,2058,Vila Campinho,1981/08/20 00:00:00+00,82,Cascadura,15,Madureira,3.3,Madureira,3,746,331,IPP com base em IBGE - Censo Demográfico 2022,,082,65436.76692353,2118.33418698431,65436.7669235695
764,210,Morro do Fubá,1,2058,Vila Campinho,1981/08/01 00:00:00+00,82,Cascadura,15,Madureira,3.3,Madureira,3,843,424,IPP com base em IBGE - Censo Demográfico 2022,,082,70701.36892701,2093.96039385881,70701.3689271266
765,211,Morro do Sossego (RA - Madureira),1,2051,Faz Quem Quer (RA - Madureira),1981/07/03 00:00:00+00,83,Madureira,15,Madureira,3.3,Madureira,3,2462,1041,IPP com base em IBGE - Censo Demográfico 2022,,083,72967.59817052,1329.40923587306,72967.5981704256
766,212,Morro Inácio Dias,2,0,Isolada,1981/01/02 00:00:00+00,69,Piedade,13,Méier,3.2,Méier,3,557,273,IPP com base em IBGE - Censo Demográfico 2022,,069,63456.99034998,2442.93896109726,63456.9903498117
767,213,"Nabuco de Araújo, nº 228",1,2057,Rua Embiri,1981/08/28 00:00:00+00,89,Bento Ribeiro,15,Madureira,3.3,Madureira,3,78,39,IPP com base em IBGE - Censo Demográfico 2022,,089,3213.72911422,234.400903822175,3213.72911420787
768,225,Rua Lemos de Brito,2,0,Isolada,1981/08/25 00:00:00+00,79,Quintino Bocaiúva,15,Madureira,3.3,Madureira,3,355,169,IPP com base em IBGE - Censo Demográfico 2022,,079,66739.01464227,2045.51200964248,66739.0146424015
769,227,Rua Saçu,2,0,Isolada,1981/08/20 00:00:00+00,79,Quintino Bocaiúva,15,Madureira,3.3,Madureira,3,73,34,IPP com base em IBGE - Censo Demográfico 2022,,079,17249.60880908,958.341479380705,17249.608809024
770,228,Sanatório,1,2053,Grota,1981/08/27 00:00:00+00,81,Engenheiro Leal,15,Madureira,3.3,Madureira,3,1688,533,IPP com base em IBGE - Censo Demográfico 2022,,081,73236.26324779,1602.81651827256,73236.2632476602
771,282,Jardim São Bento,1,2122,Vila Porta do Céu,1995/06/20 00:00:00+00,141,Bangu,17,Bangu,5.1,Bangu,5,410,171,IPP com base em IBGE - Censo Demográfico 2022,,141,17853.10353805,681.521453965507,17853.1035379437
772,229,Morro São José,1,2053,Grota,1981/10/08 00:00:00+00,83,Madureira,15,Madureira,3.3,Madureira,3,699,285,IPP com base em IBGE - Censo Demográfico 2022,,083,49137.49796114,1933.8056950841,49137.4979611229
773,248,Estrada do Meringuava,2,0,Isolada,1981/09/17 00:00:00+00,122,Taquara,16,Jacarepaguá,4.1,Jacarepaguá,4,852,397,IPP com base em IBGE - Censo Demográfico 2022,,122,21209.40602371,615.278579147709,21209.4060235864
774,230,Serrinha,1,2053,Grota,1981/10/21 00:00:00+00,83,Madureira,15,Madureira,3.3,Madureira,3,973,447,IPP com base em IBGE - Censo Demográfico 2022,,083,85923.67780523,2741.315704932,85923.6778054029
775,231,Vila Campinho,1,2058,Vila Campinho,1981/08/20 00:00:00+00,82,Cascadura,15,Madureira,3.3,Madureira,3,1916,794,IPP com base em IBGE - Censo Demográfico 2022,,082,105982.58488788,2753.85328043083,105982.584458144
776,232,Vila das Torres,1,2060,Vila Santa,1981/08/24 00:00:00+00,83,Madureira,15,Madureira,3.3,Madureira,3,138,71,IPP com base em IBGE - Censo Demográfico 2022,,083,4411.83664683,565.477729587906,4411.83664675718
777,233,Vila dos Mineiros,1,2043,Jardim Piedade,1981/08/19 00:00:00+00,69,Piedade,13,Méier,3.2,Méier,3,68,33,IPP com base em IBGE - Censo Demográfico 2022,,069,3867.01960348,249.353087451247,3867.01960350564
778,234,Vila Nossa Senhora da Glória,1,2057,Rua Embiri,1981/08/28 00:00:00+00,90,Marechal Hermes,15,Madureira,3.3,Madureira,3,585,266,IPP com base em IBGE - Censo Demográfico 2022,,090,10595.31813228,455.888056480122,10595.3181322787
779,249,Inácio do Amaral,1,2096,Inácio do Amaral,1981/09/08 00:00:00+00,120,Freguesia (Jacarepaguá),16,Jacarepaguá,4.1,Jacarepaguá,4,262,144,IPP com base em IBGE - Censo Demográfico 2022,,120,10955.00071791,694.56839223829,10955.0007178759
780,376,Vila dos Crentes,2,0,Isolada,1981/10/15 00:00:00+00,131,Vargem Grande,24,Barra da Tijuca,4.2,Barra da Tijuca,4,629,298,IPP com base em IBGE - Censo Demográfico 2022,,131,22303.93673351,1926.34870794646,22303.9353845171
781,235,Vila Primavera,1,2048,Morro do Juramento,1981/07/29 00:00:00+00,80,Cavalcanti,15,Madureira,3.3,Madureira,3,1292,494,IPP com base em IBGE - Censo Demográfico 2022,,080,128615.03723179,2401.69510287447,128615.037231837
782,237,Araticum,1,2088,Araticum,1981/09/08 00:00:00+00,116,Anil,16,Jacarepaguá,4.1,Jacarepaguá,4,1610,675,IPP com base em IBGE - Censo Demográfico 2022,,116,46982.53038956,1656.45629889968,46982.53038954
783,238,Barão,1,2090,Barão,1981/09/04 00:00:00+00,124,Praça Seca,16,Jacarepaguá,4.1,Jacarepaguá,4,2848,1303,IPP com base em IBGE - Censo Demográfico 2022,,124,232486.93302555,4593.4016249815,232486.929259768
784,239,Caminho do Waldemar,2,0,Isolada,1988/09/04 00:00:00+00,123,Tanque,16,Jacarepaguá,4.1,Jacarepaguá,4,368,158,IPP com base em IBGE - Censo Demográfico 2022,,123,64239.22488463,1901.96224875449,64239.2248845893
785,243,Comendador Pinto,1,2058,Vila Campinho,1981/08/20 00:00:00+00,78,Campinho,15,Madureira,3.3,Madureira,3,697,268,IPP com base em IBGE - Censo Demográfico 2022,,078,54070.67832291,1605.89189098179,54070.6783227285
786,244,Comunidade Santa Rosa,2,0,Isolada,1981/09/29 00:00:00+00,124,Praça Seca,16,Jacarepaguá,4.1,Jacarepaguá,4,337,127,IPP com base em IBGE - Censo Demográfico 2022,,124,24048.68952991,1374.79120601698,24048.6895298388
787,245,Covanca,1,2097,Morro Bela Vista,1981/09/08 00:00:00+00,123,Tanque,16,Jacarepaguá,4.1,Jacarepaguá,4,556,269,IPP com base em IBGE - Censo Demográfico 2022,,123,34117.28000548,1115.43244420217,34117.2800054077
788,378,Associação Belfast São Geraldo,2,0,Isolada,1995/05/09 00:00:00+00,120,Freguesia (Jacarepaguá),16,Jacarepaguá,4.1,Jacarepaguá,4,304,136,IPP com base em IBGE - Censo Demográfico 2022,,120,14468.87253843,641.90806119893,14468.8725383586
789,261,Vila José de Anchieta,1,2090,Barão,1988/09/08 00:00:00+00,124,Praça Seca,16,Jacarepaguá,4.1,Jacarepaguá,4,428,200,IPP com base em IBGE - Censo Demográfico 2022,,124,50466.29908662,1463.5357810782,50466.2989431055
790,262,Vila Sapê,2,0,Isolada,1981/09/11 00:00:00+00,115,Jacarepaguá,16,Jacarepaguá,4.1,Jacarepaguá,4,3359,1319,IPP com base em IBGE - Censo Demográfico 2022,,115,83953.06488374,2152.70980897748,83953.0648834091
791,283,Vila São Miguel,1,2115,Vila São Miguel,1981/08/15 00:00:00+00,138,Magalhães Bastos,33,Realengo,5.1,Bangu,5,1817,749,IPP com base em IBGE - Censo Demográfico 2022,,138,63057.37950496,1807.65350507861,63057.3795047205
792,240,Canal do Anil,1,2091,Canal do Anil,1981/09/08 00:00:00+00,116,Anil,16,Jacarepaguá,4.1,Jacarepaguá,4,6517,3078,IPP com base em IBGE - Censo Demográfico 2022,,116,172192.96434242,8587.07765074027,172192.963903963
793,241,Canal do Arroio Pavuna,2,0,Isolada,1981/09/30 00:00:00+00,115,Jacarepaguá,16,Jacarepaguá,4.1,Jacarepaguá,4,26,19,IPP com base em IBGE - Censo Demográfico 2022,,115,3543.54978215,368.18265890799,3543.5497821038
794,250,Shangrilá,1,2100,Shangrilá,1981/09/01 00:00:00+00,122,Taquara,16,Jacarepaguá,4.1,Jacarepaguá,4,560,283,IPP com base em IBGE - Censo Demográfico 2022,,122,30367.54214983,2140.69497961254,30367.5413391821
795,251,Vila Nova (RA - Barra da Tijuca),2,0,Isolada,1995/05/10 00:00:00+00,132,Recreio dos Bandeirantes,24,Barra da Tijuca,4.2,Barra da Tijuca,4,69,24,IPP com base em IBGE - Censo Demográfico 2022,,132,3130.21604462,407.647657486598,3130.21604465664
796,252,Loteamento São Sebastião,2,0,Isolada,1981/09/10 00:00:00+00,122,Taquara,16,Jacarepaguá,4.1,Jacarepaguá,4,54,26,IPP com base em IBGE - Censo Demográfico 2022,,122,7047.54716008,480.273516905314,7047.54716011993
797,253,Morro do Piolho,2,0,Isolada,1981/09/10 00:00:00+00,123,Tanque,16,Jacarepaguá,4.1,Jacarepaguá,4,2337,1091,IPP com base em IBGE - Censo Demográfico 2022,,123,160715.70990787,2550.59220576107,160715.709907325
798,254,Nova Aurora,2,0,Isolada,1981/09/10 00:00:00+00,122,Taquara,16,Jacarepaguá,4.1,Jacarepaguá,4,792,334,IPP com base em IBGE - Censo Demográfico 2022,,122,25120.6891669,776.407754634005,25120.6891668897
799,255,Outeiro (RA - Jacarepaguá),2,0,Isolada,1988/09/21 00:00:00+00,115,Jacarepaguá,16,Jacarepaguá,4.1,Jacarepaguá,4,789,337,IPP com base em IBGE - Censo Demográfico 2022,,115,46493.43834545,1448.59231154322,46493.4358563812
800,278,Vila Catiri,1,2121,Vila Catiri,1981/09/09 00:00:00+00,141,Bangu,17,Bangu,5.1,Bangu,5,3000,1201,IPP com base em IBGE - Censo Demográfico 2022,,141,98350.10228001,1822.00914702298,98350.1022801163
801,256,Rio das Pedras,1,2098,Rio das Pedras,1981/09/08 00:00:00+00,115,Jacarepaguá,16,Jacarepaguá,4.1,Jacarepaguá,4,55376,28250,IPP com base em IBGE - Censo Demográfico 2022,,115,585991.76893544,7368.07032608751,585991.766175379
802,257,"Rua Luiz Beltrão, nº 1.127",1,2099,Rua Luiz Beltrão,1981/09/08 00:00:00+00,125,Vila Valqueire,16,Jacarepaguá,4.1,Jacarepaguá,4,1843,858,IPP com base em IBGE - Censo Demográfico 2022,,125,71409.3511859,1814.81632487165,71409.3511859191
803,431,Vila Santa Mônica,2,0,Isolada,1988/08/02 00:00:00+00,122,Taquara,16,Jacarepaguá,4.1,Jacarepaguá,4,93,67,IPP com base em IBGE - Censo Demográfico 2022,,122,13044.83754438,641.664818270765,13044.8375444888
804,258,Rua Quiririm,1,2099,Rua Luiz Beltrão,1981/10/01 00:00:00+00,124,Praça Seca,16,Jacarepaguá,4.1,Jacarepaguá,4,1196,524,IPP com base em IBGE - Censo Demográfico 2022,,124,41731.2420214,1401.34335515571,41731.242021488
805,259,Rua São Marciano,2,0,Isolada,1981/09/08 00:00:00+00,124,Praça Seca,16,Jacarepaguá,4.1,Jacarepaguá,4,914,377,IPP com base em IBGE - Censo Demográfico 2022,,124,29075.68541788,1165.24490910687,29075.6854179099
806,260,Travessa Antonina,1,2090,Barão,1981/09/17 00:00:00+00,124,Praça Seca,16,Jacarepaguá,4.1,Jacarepaguá,4,538,224,IPP com base em IBGE - Censo Demográfico 2022,,124,51520.93499349,2888.99113305889,51520.9344331215
807,264,Batam,1,2109,Batam,1981/09/02 00:00:00+00,139,Realengo,33,Realengo,5.1,Bangu,5,2998,1229,IPP com base em IBGE - Censo Demográfico 2022,,139,99845.60758063,2902.20817981499,99845.6075808069
808,265,Birigui,2,0,Isolada,1981/08/21 00:00:00+00,139,Realengo,33,Realengo,5.1,Bangu,5,234,99,IPP com base em IBGE - Censo Demográfico 2022,,139,7297.74515129,479.50551449175,7297.74515132057
809,263,Bairro Nova Aliança,1,2118,Fazenda Coqueiro,1981/09/09 00:00:00+00,141,Bangu,17,Bangu,5.1,Bangu,5,3767,1506,IPP com base em IBGE - Censo Demográfico 2022,,141,143037.17705377,3296.86542340076,143037.177155701
810,386,Vila Mangueiral,1,2131,Vila Mangueiral,1985/04/02 00:00:00+00,144,Campo Grande,18,Campo Grande,5.2,Campo Grande,5,2021,797,IPP com base em IBGE - Censo Demográfico 2022,,144,85676.72510814,1955.11655900697,85676.7251085271
811,266,Boqueirão,2,0,Isolada,1981/09/02 00:00:00+00,160,Gericinó,17,Bangu,5.1,Bangu,5,126,56,IPP com base em IBGE - Censo Demográfico 2022,,160,36619.84921077,2488.55782096929,36619.8492108017
812,267,Caminho do Lúcio,1,2118,Fazenda Coqueiro,1981/09/02 00:00:00+00,141,Bangu,17,Bangu,5.1,Bangu,5,2561,1138,IPP com base em IBGE - Censo Demográfico 2022,,141,122389.09355632,1704.7959309682,122389.093556234
813,268,Coréia (RA - Bangu),1,2118,Fazenda Coqueiro,1981/09/02 00:00:00+00,142,Senador Camará,17,Bangu,5.1,Bangu,5,3462,1498,IPP com base em IBGE - Censo Demográfico 2022,,142,142463.68685772,2689.37977036526,142463.686857334
814,269,Cosme e Damião,1,2114,Vila João Lopes,1981/08/26 00:00:00+00,139,Realengo,33,Realengo,5.1,Bangu,5,908,376,IPP com base em IBGE - Censo Demográfico 2022,,139,40765.55126624,1202.05319437014,40765.5512664509
815,276,Tibagi,1,2120,Tibagi,1981/08/16 00:00:00+00,141,Bangu,17,Bangu,5.1,Bangu,5,1920,715,IPP com base em IBGE - Censo Demográfico 2022,,141,108576.17064439,2466.51293443974,108576.170644331
816,279,Vila do Vintém,1,2113,Vila do Vintém,1981/09/02 00:00:00+00,140,Padre Miguel,17,Bangu,5.1,Bangu,5,14185,5460,IPP com base em IBGE - Censo Demográfico 2022,,140,487719.88308959,4029.0603014505,487719.883089029
817,280,Vila Progresso,1,2116,Alto Kennedy,1981/10/06 00:00:00+00,141,Bangu,17,Bangu,5.1,Bangu,5,1193,461,IPP com base em IBGE - Censo Demográfico 2022,,141,58797.52099831,1243.24188905959,58797.5209983116
818,281,Vila Santo Antônio (RA - Realengo),1,2110,Nilo,1981/08/21 00:00:00+00,139,Realengo,33,Realengo,5.1,Bangu,5,530,227,IPP com base em IBGE - Censo Demográfico 2022,,139,14756.38722948,652.153254506084,14756.3872294668
819,270,Fazenda Coqueiro,1,2118,Fazenda Coqueiro,1981/09/02 00:00:00+00,142,Senador Camará,17,Bangu,5.1,Bangu,5,19262,8272,IPP com base em IBGE - Censo Demográfico 2022,,142,1161017.35115149,10264.585003389,1161017.34949389
820,277,Vila Brasil,1,2112,Vila Brasil,1981/08/21 00:00:00+00,138,Magalhães Bastos,33,Realengo,5.1,Bangu,5,1501,629,IPP com base em IBGE - Censo Demográfico 2022,,138,40463.57864604,926.807693608636,40463.5786460013
821,398,Furnas,1,2104,Agrícola,1986/02/01 00:00:00+00,127,Itanhangá,24,Barra da Tijuca,4.2,Barra da Tijuca,4,275,120,IPP com base em IBGE - Censo Demográfico 2022,,127,20063.10084494,999.372713602317,20063.1008448636
822,271,Frederico Faulhaber,2,0,Isolada,1981/08/26 00:00:00+00,139,Realengo,33,Realengo,5.1,Bangu,5,739,310,IPP com base em IBGE - Censo Demográfico 2022,,139,59757.56863234,3114.69837605656,59757.567898626
823,272,Jacaré,1,2118,Fazenda Coqueiro,1981/09/21 00:00:00+00,143,Santíssimo,18,Campo Grande,5.2,Campo Grande,5,4611,1818,IPP com base em IBGE - Censo Demográfico 2022,,143,229057.24662261,3412.83156589657,229057.246622931
824,273,Nilo,1,2110,Nilo,1981/08/21 00:00:00+00,139,Realengo,33,Realengo,5.1,Bangu,5,315,130,IPP com base em IBGE - Censo Demográfico 2022,,139,11518.83074747,704.963949198355,11518.8303406427
825,274,Rua Jabaquara,2,0,Isolada,1981/08/21 00:00:00+00,138,Magalhães Bastos,33,Realengo,5.1,Bangu,5,69,30,IPP com base em IBGE - Censo Demográfico 2022,,138,3299.88502876,243.166447304669,3299.88502870195
826,275,Rua Santo Expedito,1,2112,Vila Brasil,1981/08/21 00:00:00+00,138,Magalhães Bastos,33,Realengo,5.1,Bangu,5,191,77,IPP com base em IBGE - Censo Demográfico 2022,,138,9186.45189404,420.942427733867,9186.45189401082
827,289,"Rua Teixeira Campos, nº 96/102",1,2128,Morro da Esperança,1981/09/09 00:00:00+00,143,Santíssimo,18,Campo Grande,5.2,Campo Grande,5,557,196,IPP com base em IBGE - Censo Demográfico 2022,,143,25465.05702987,839.307834599317,25465.0570296812
828,284,Vila União da Paz,2,0,Isolada,1981/09/02 00:00:00+00,141,Bangu,17,Bangu,5.1,Bangu,5,715,281,IPP com base em IBGE - Censo Demográfico 2022,,141,24912.64597079,701.208380320039,24912.64597089
829,285,Anes Dias,1,2118,Fazenda Coqueiro,1981/10/06 00:00:00+00,143,Santíssimo,18,Campo Grande,5.2,Campo Grande,5,189,101,IPP com base em IBGE - Censo Demográfico 2022,,143,9200.73849723,418.789301342562,9200.73849721416
830,286,"Estrada da Caroba, nº 889",2,0,Isolada,1981/09/16 00:00:00+00,144,Campo Grande,18,Campo Grande,5.2,Campo Grande,5,42,14,IPP com base em IBGE - Censo Demográfico 2022,,144,1662.46271782,204.570721509262,1662.46271788059
831,432,Nova Esperança (RA - Jacarepaguá),2,0,Isolada,1988/08/02 00:00:00+00,116,Anil,16,Jacarepaguá,4.1,Jacarepaguá,4,72,39,IPP com base em IBGE - Censo Demográfico 2022,,116,2630.42351147,203.63048701361,2630.42351149378
832,287,Morro da Esperança,1,2128,Morro da Esperança,1981/09/09 00:00:00+00,143,Santíssimo,18,Campo Grande,5.2,Campo Grande,5,574,235,IPP com base em IBGE - Censo Demográfico 2022,,143,32846.06903027,1293.69209867687,32846.069030203
833,290,"Rua Teixeira Campos, nº 642",1,2128,Morro da Esperança,1981/09/09 00:00:00+00,143,Santíssimo,18,Campo Grande,5.2,Campo Grande,5,194,78,IPP com base em IBGE - Censo Demográfico 2022,,143,11212.80589879,622.064957371668,11212.8058988086
834,318,Tirol,2,0,Isolada,1995/05/31 00:00:00+00,120,Freguesia (Jacarepaguá),16,Jacarepaguá,4.1,Jacarepaguá,4,2165,1243,IPP com base em IBGE - Censo Demográfico 2022,,120,154889.81460439,4426.6323753419,154889.813740515
835,303,Margem do Canal de São Francisco,2,0,Isolada,1981/10/01 00:00:00+00,149,Santa Cruz,19,Santa Cruz,5.3,Santa Cruz,5,221,124,IPP com base em IBGE - Censo Demográfico 2022,,149,17555.10001545,1846.26432261298,17555.1003150406
836,370,Muzema,1,2106,Muzema,1981/09/24 00:00:00+00,127,Itanhangá,24,Barra da Tijuca,4.2,Barra da Tijuca,4,7321,3175,IPP com base em IBGE - Censo Demográfico 2022,,127,93953.21942552,3597.15207409368,93953.2190633649
837,462,Cambalacho,1,2106,Muzema,1991/07/23 00:00:00+00,127,Itanhangá,24,Barra da Tijuca,4.2,Barra da Tijuca,4,1924,989,IPP com base em IBGE - Censo Demográfico 2022,,127,29863.53748903,741.682108261345,29863.5374889962
838,288,Rio Piraquê,2,0,Isolada,1981/10/04 00:00:00+00,151,Guaratiba,26,Guaratiba,5.4,Guaratiba,5,9252,4148,IPP com base em IBGE - Censo Demográfico 2022,,151,448034.37608728,7178.34145172717,448034.376215966
839,304,Rua Iconha,2,0,Isolada,1981/09/24 00:00:00+00,148,Paciência,19,Santa Cruz,5.3,Santa Cruz,5,47,24,IPP com base em IBGE - Censo Demográfico 2022,,148,5574.14167322,362.940880308497,5574.14167331604
840,373,Sítio do Pai João,1,2107,Tijuquinha,1992/03/31 00:00:00+00,127,Itanhangá,24,Barra da Tijuca,4.2,Barra da Tijuca,4,5547,2683,IPP com base em IBGE - Censo Demográfico 2022,,127,76393.396084,2399.37524889016,76393.3960838483
841,443,Vila da Paz (RA - Barra da Tijuca),1,2107,Tijuquinha,1991/07/18 00:00:00+00,127,Itanhangá,24,Barra da Tijuca,4.2,Barra da Tijuca,4,457,224,IPP com base em IBGE - Censo Demográfico 2022,,127,6655.81780635,336.399449941508,6655.81780627584
842,374,Tijuquinha,1,2107,Tijuquinha,1981/09/23 00:00:00+00,127,Itanhangá,24,Barra da Tijuca,4.2,Barra da Tijuca,4,6549,3339,IPP com base em IBGE - Censo Demográfico 2022,,127,100044.37999307,1341.38046404761,100044.379993297
843,41,Chácara do Céu,2,0,Isolada,1981/08/07 00:00:00+00,30,Vidigal,6,Lagoa,2.1,Zona Sul,2,686,286,IPP com base em IBGE - Censo Demográfico 2022,,030,22054.67373051,947.760861835889,22054.6739995379
844,396,Agrícola,1,2104,Agrícola,1986/04/24 00:00:00+00,127,Itanhangá,24,Barra da Tijuca,4.2,Barra da Tijuca,4,644,272,IPP com base em IBGE - Censo Demográfico 2022,,127,59552.55659632,1594.23315804401,59552.5565963427
845,361,Angu Duro,2,0,Isolada,1981/09/24 00:00:00+00,127,Itanhangá,24,Barra da Tijuca,4.2,Barra da Tijuca,4,760,352,IPP com base em IBGE - Censo Demográfico 2022,,127,18970.03582982,922.150038279042,18970.0358300767
846,320,Jardim Duas Praias,1,2063,Conjunto Residencial dos Servidores,1981/07/22 00:00:00+00,97,Bancários,20,Ilha do Governador,3.7,Ilha do Governador,3,807,351,IPP com base em IBGE - Censo Demográfico 2022,,097,30286.89747711,1507.25614065065,30286.897477271
847,369,Floresta da Barra da Tijuca,2,0,Isolada,1988/08/01 00:00:00+00,127,Itanhangá,24,Barra da Tijuca,4.2,Barra da Tijuca,4,6079,2661,IPP com base em IBGE - Censo Demográfico 2022,,127,156203.58851103,2194.41057559088,156203.58851094
848,394,Final Feliz,1,2071,Parque Criança Esperança,1995/04/19 00:00:00+00,107,Anchieta,22,Anchieta,3.6,Pavuna,3,1154,435,IPP com base em IBGE - Censo Demográfico 2022,,107,87042.34561841,2008.40965298585,87042.3456181664
849,397,Fazenda,2,0,Isolada,1986/03/02 00:00:00+00,127,Itanhangá,24,Barra da Tijuca,4.2,Barra da Tijuca,4,515,207,IPP com base em IBGE - Censo Demográfico 2022,,127,35959.02927775,1656.14713855802,35959.0292777433
850,291,Vila Comari,1,2131,Vila Mangueiral,1981/09/16 00:00:00+00,144,Campo Grande,18,Campo Grande,5.2,Campo Grande,5,271,119,IPP com base em IBGE - Censo Demográfico 2022,,144,15291.52990953,980.430765500967,15291.5299095596
851,292,Vila do Céu,1,2130,Vila do Céu,1981/11/17 00:00:00+00,147,Cosmos,18,Campo Grande,5.2,Campo Grande,5,3673,1470,IPP com base em IBGE - Censo Demográfico 2022,,147,206321.72528942,2560.11198102571,206321.725289278
852,293,Vila Jurari,2,0,Isolada,1981/10/15 00:00:00+00,151,Guaratiba,26,Guaratiba,5.4,Guaratiba,5,156,70,IPP com base em IBGE - Censo Demográfico 2022,,151,5763.67277108,403.123199022468,5763.67277101612
853,294,Vila São Jorge (RA - Campo Grande),1,2132,Vila São Jorge,1981/09/24 00:00:00+00,147,Cosmos,18,Campo Grande,5.2,Campo Grande,5,3056,1266,IPP com base em IBGE - Censo Demográfico 2022,,147,149521.57219527,2082.36113202808,149521.572195108
854,295,Vila União (RA - Campo Grande),1,2132,Vila São Jorge,1981/09/10 00:00:00+00,146,Inhoaíba,18,Campo Grande,5.2,Campo Grande,5,1110,517,IPP com base em IBGE - Censo Demográfico 2022,,146,70415.32214583,1229.92672664503,70415.3221457473
855,296,Vila Nossa Senhora da Paz,1,2094,Condomínio Paco do Lumiar,1988/08/01 00:00:00+00,121,Pechincha,16,Jacarepaguá,4.1,Jacarepaguá,4,546,272,IPP com base em IBGE - Censo Demográfico 2022,,121,9959.07311476,619.153488608877,9959.07259667019
856,297,"Avenida João XXIII, nº 300",2,0,Isolada,1981/09/25 00:00:00+00,149,Santa Cruz,19,Santa Cruz,5.3,Santa Cruz,5,390,173,IPP com base em IBGE - Censo Demográfico 2022,,149,67496.18857666,1928.66835994243,67496.1887707095
857,395,Caminho do Padre,1,2071,Parque Criança Esperança,1985/01/02 00:00:00+00,107,Anchieta,22,Anchieta,3.6,Pavuna,3,200,64,IPP com base em IBGE - Censo Demográfico 2022,,107,19795.17223589,694.108722774194,19795.1722691721
858,298,Beco da Guarda,2,0,Isolada,1981/10/01 00:00:00+00,150,Sepetiba,19,Santa Cruz,5.3,Santa Cruz,5,758,276,IPP com base em IBGE - Censo Demográfico 2022,,150,56839.29390404,1900.37577023622,56839.2939043817
859,299,Coréia (RA - Santa Cruz),2,0,Isolada,1981/09/24 00:00:00+00,149,Santa Cruz,19,Santa Cruz,5.3,Santa Cruz,5,182,84,IPP com base em IBGE - Censo Demográfico 2022,,149,8985.69781126,429.994582647535,8985.69781127359
860,300,Divinéia,1,2139,Três Pontes,1981/09/16 00:00:00+00,148,Paciência,19,Santa Cruz,5.3,Santa Cruz,5,5045,2044,IPP com base em IBGE - Censo Demográfico 2022,,148,308085.61519399,4000.85015230094,308085.615193832
861,305,Três Pontes,1,2139,Três Pontes,1981/09/16 00:00:00+00,149,Santa Cruz,19,Santa Cruz,5.3,Santa Cruz,5,4318,1800,IPP com base em IBGE - Censo Demográfico 2022,,149,381078.18332258,4482.60999631037,381078.18387753
862,301,Linha de Austin,1,2135,Linha de Austin,1981/10/30 00:00:00+00,148,Paciência,19,Santa Cruz,5.3,Santa Cruz,5,1967,779,IPP com base em IBGE - Censo Demográfico 2022,,148,144064.54244999,6832.15590049054,144064.536125987
863,302,Margem do Canal do Cação Vermelho,2,0,Isolada,1981/11/24 00:00:00+00,149,Santa Cruz,19,Santa Cruz,5.3,Santa Cruz,5,1878,749,IPP com base em IBGE - Censo Demográfico 2022,,149,125090.91769048,3081.29675282156,125090.917690441
864,316,Parque Proletário dos Bancários,2,0,Isolada,1988/06/29 00:00:00+00,97,Bancários,20,Ilha do Governador,3.7,Ilha do Governador,3,3105,1396,IPP com base em IBGE - Censo Demográfico 2022,,097,77240.45823681,1298.67960180744,77240.4582368667
865,306,Vala do Sangue,2,0,Isolada,1981/09/25 00:00:00+00,149,Santa Cruz,19,Santa Cruz,5.3,Santa Cruz,5,1157,472,IPP com base em IBGE - Censo Demográfico 2022,,149,79629.65599095,3325.25886354269,79629.6559907698
866,307,Bairro da Sapucaia,1,2065,Praia da Rosa,1981/07/15 00:00:00+00,101,Tauá,20,Ilha do Governador,3.7,Ilha do Governador,3,1336,513,IPP com base em IBGE - Censo Demográfico 2022,,101,22117.3738435,769.904739747404,22117.3738435538
867,308,Bairro Nossa Senhora das Graças,1,2061,Bairro Nossa Senhora das Graças,1981/07/15 00:00:00+00,94,Pitangueiras,20,Ilha do Governador,3.7,Ilha do Governador,3,6037,2582,IPP com base em IBGE - Censo Demográfico 2022,,094,127622.62874501,2253.02894863269,127622.628744902
868,309,Bela Vista da Pichuna,1,2062,Bela Vista da Pichuna,1981/06/16 00:00:00+00,98,Freguesia (Ilha do Governador),20,Ilha do Governador,3.7,Ilha do Governador,3,2773,1327,IPP com base em IBGE - Censo Demográfico 2022,,098,95811.69568521,2051.89807008475,95811.6956853359
869,310,Colônia de Pescadores Almirante Gomes Pereira,2,0,Isolada,1981/06/23 00:00:00+00,93,Cacuia,20,Ilha do Governador,3.7,Ilha do Governador,3,2227,957,IPP com base em IBGE - Censo Demográfico 2022,,093,78538.74539968,1299.31195948583,78538.7453995284
870,311,Conjunto Residencial dos Servidores Municipais,1,2063,Conjunto Residencial dos Servidores,1981/07/09 00:00:00+00,101,Tauá,20,Ilha do Governador,3.7,Ilha do Governador,3,1772,685,IPP com base em IBGE - Censo Demográfico 2022,,101,81009.86430253,2608.33418983494,81009.8643024548
871,312,Guarabu,1,2064,Morro do Dendê,1981/07/10 00:00:00+00,100,Jardim Carioca,20,Ilha do Governador,3.7,Ilha do Governador,3,5070,2376,IPP com base em IBGE - Censo Demográfico 2022,,100,164456.46017846,3378.32016831904,164456.459544879
872,313,Morro das Araras,1,2062,Bela Vista da Pichuna,1981/06/18 00:00:00+00,98,Freguesia (Ilha do Governador),20,Ilha do Governador,3.7,Ilha do Governador,3,382,157,IPP com base em IBGE - Censo Demográfico 2022,,098,16546.18365426,1057.07904130753,16546.1836541002
873,314,Morro do Dendê,1,2064,Morro do Dendê,1981/07/09 00:00:00+00,101,Tauá,20,Ilha do Governador,3.7,Ilha do Governador,3,8977,3911,IPP com base em IBGE - Censo Demográfico 2022,,101,226296.49284322,2919.913713548,226296.492843202
874,315,Morro do Querosene,1,2063,Conjunto Residencial dos Servidores,1981/07/10 00:00:00+00,101,Tauá,20,Ilha do Governador,3.7,Ilha do Governador,3,724,295,IPP com base em IBGE - Censo Demográfico 2022,,101,20233.85456199,728.582321511868,20233.8545621283
875,317,Parque Royal,2,0,Isolada,1981/06/24 00:00:00+00,103,Portuguesa,20,Ilha do Governador,3.7,Ilha do Governador,3,5265,2342,IPP com base em IBGE - Censo Demográfico 2022,,103,91884.07519546,1509.04084332032,91884.0743824826
876,319,Praia da Rosa,1,2065,Praia da Rosa,1988/06/26 00:00:00+00,101,Tauá,20,Ilha do Governador,3.7,Ilha do Governador,3,1767,727,IPP com base em IBGE - Censo Demográfico 2022,,101,30809.20753265,1112.05150436358,30809.2073558069
877,321,Rua Guariúba,1,2064,Morro do Dendê,1981/07/22 00:00:00+00,96,Cocotá,20,Ilha do Governador,3.7,Ilha do Governador,3,66,26,IPP com base em IBGE - Censo Demográfico 2022,,096,6291.7198376,466.602557113063,6291.71983758072
878,322,"Rua Rodano, Lote 22, Quadra 31",1,2064,Morro do Dendê,1981/07/17 00:00:00+00,100,Jardim Carioca,20,Ilha do Governador,3.7,Ilha do Governador,3,29,14,IPP com base em IBGE - Censo Demográfico 2022,,100,1751.69676466,188.275542850404,1751.69676466414
879,323,Serra Morena,2,0,Isolada,1981/07/08 00:00:00+00,99,Jardim Guanabara,20,Ilha do Governador,3.7,Ilha do Governador,3,538,228,IPP com base em IBGE - Censo Demográfico 2022,,099,14386.71814311,784.128148468602,14386.7181430833
880,324,Tremembé,2,0,Isolada,1981/07/13 00:00:00+00,97,Bancários,20,Ilha do Governador,3.7,Ilha do Governador,3,699,287,IPP com base em IBGE - Censo Demográfico 2022,,097,17789.18960743,718.365562380778,17789.1896074621
881,325,Almirante Tamandaré,1,2077,"Gleba I, da Antiga Fazenda Botafogo",1981/09/07 00:00:00+00,112,Barros Filho,25,Pavuna,3.6,Pavuna,3,166,66,IPP com base em IBGE - Censo Demográfico 2022,,112,9452.79121941,483.158712032725,9452.79100185174
882,326,Avenida,1,2069,Avenida,1981/09/22 00:00:00+00,107,Anchieta,22,Anchieta,3.6,Pavuna,3,53,24,IPP com base em IBGE - Censo Demográfico 2022,,107,13722.00886912,1213.7923758194,13722.008869169
883,327,Bairro da Pedreira,1,2075,Bairro da Pedreira,1981/09/21 00:00:00+00,114,Pavuna,25,Pavuna,3.6,Pavuna,3,8881,3284,IPP com base em IBGE - Censo Demográfico 2022,,114,315002.53233069,3220.10587535615,315002.532330687
884,328,Beira Rio - Rua Arnaldo Murineli - (RA - Anchieta),1,2070,Beira Rio - Rua Arnaldo Murineli,1981/09/22 00:00:00+00,107,Anchieta,22,Anchieta,3.6,Pavuna,3,652,252,IPP com base em IBGE - Censo Demográfico 2022,,107,35446.06481147,1798.85805843244,35446.0648114453
885,329,Beira Rio - Rua Matura (RA - Pavuna),2,0,Isolada,1981/09/21 00:00:00+00,111,Acari,25,Pavuna,3.6,Pavuna,3,24,11,IPP com base em IBGE - Censo Demográfico 2022,,111,4579.0869047,372.754926607468,4579.08641273582
886,330,Fazenda Botafogo / Margem da Linha,1,2075,Bairro da Pedreira,1981/09/22 00:00:00+00,113,Costa Barros,25,Pavuna,3.6,Pavuna,3,7349,3017,IPP com base em IBGE - Censo Demográfico 2022,,113,313866.43625219,3138.49161865648,313866.436645311
887,331,Faz Quem Quer (RA - Anchieta),1,2071,Parque Criança Esperança,1982/06/30 00:00:00+00,106,Guadalupe,22,Anchieta,3.6,Pavuna,3,518,242,IPP com base em IBGE - Censo Demográfico 2022,,106,19578.67159059,756.33479777102,19578.6715908066
888,332,Fé em Deus,2,0,Isolada,1981/09/22 00:00:00+00,108,Parque Anchieta,22,Anchieta,3.6,Pavuna,3,527,200,IPP com base em IBGE - Censo Demográfico 2022,,108,21068.27353005,720.243709079843,21068.2735299417
889,333,Furão,2,0,Isolada,1981/09/07 00:00:00+00,110,Coelho Neto,25,Pavuna,3.6,Pavuna,3,143,70,IPP com base em IBGE - Censo Demográfico 2022,,110,13558.48356276,698.943875769602,13558.4835624922
890,372,Rua São Tillon,2,0,Isolada,1981/09/22 00:00:00+00,128,Barra da Tijuca,24,Barra da Tijuca,4.2,Barra da Tijuca,4,105,50,IPP com base em IBGE - Censo Demográfico 2022,,128,1983.04427934,196.127631114889,1983.04427932386
891,334,"Gleba I, da Antiga Fazenda Botafogo",1,2077,"Gleba I, da Antiga Fazenda Botafogo",1981/01/02 00:00:00+00,112,Barros Filho,25,Pavuna,3.6,Pavuna,3,11199,4808,IPP com base em IBGE - Censo Demográfico 2022,,112,480107.31414012,5813.11227559606,480107.3141405
892,335,Caminho do Job,1,2076,Chico Mendes (Morro do Chapadão),1981/10/22 00:00:00+00,114,Pavuna,25,Pavuna,3.6,Pavuna,3,2559,1043,IPP com base em IBGE - Censo Demográfico 2022,,114,119470.36248576,1502.16675453335,119470.362485681
893,336,Margem da Linha,2,0,Isolada,1981/09/23 00:00:00+00,112,Barros Filho,25,Pavuna,3.6,Pavuna,3,870,344,IPP com base em IBGE - Censo Demográfico 2022,,112,40582.49713421,1018.7500233045,40582.4971342225
894,337,Morro do Mata Quatro,2,0,Isolada,1981/09/23 00:00:00+00,106,Guadalupe,22,Anchieta,3.6,Pavuna,3,692,324,IPP com base em IBGE - Censo Demográfico 2022,,106,32638.24094061,726.266565827037,32638.2409404612
895,338,Oliveira Bueno,1,2069,Avenida,1981/09/22 00:00:00+00,107,Anchieta,22,Anchieta,3.6,Pavuna,3,126,58,IPP com base em IBGE - Censo Demográfico 2022,,107,13089.6224379,688.879663107351,13089.6224381018
896,339,Parque Acari,1,2073,Acari,1982/02/08 00:00:00+00,111,Acari,25,Pavuna,3.6,Pavuna,3,4957,2085,IPP com base em IBGE - Censo Demográfico 2022,,111,159145.2483828,2341.55126610295,159145.247286232
897,340,Parque Anchieta,2,0,Isolada,1981/09/12 00:00:00+00,107,Anchieta,22,Anchieta,3.6,Pavuna,3,394,188,IPP com base em IBGE - Censo Demográfico 2022,,107,19667.32971654,1695.80077184948,19667.3297163011
898,342,Parque Columbia,2,0,Isolada,1981/09/21 00:00:00+00,114,Pavuna,25,Pavuna,3.6,Pavuna,3,215,88,IPP com base em IBGE - Censo Demográfico 2022,,114,17680.93406315,2249.17480709951,17680.9330322571
899,343,Parque São José,1,2077,"Gleba I, da Antiga Fazenda Botafogo",1981/10/07 00:00:00+00,112,Barros Filho,25,Pavuna,3.6,Pavuna,3,1495,631,IPP com base em IBGE - Censo Demográfico 2022,,112,45894.27078702,1112.9401279993,45894.2703271292
900,345,Araguatins,1,2074,Araguatins,1981/09/22 00:00:00+00,114,Pavuna,25,Pavuna,3.6,Pavuna,3,61,24,IPP com base em IBGE - Censo Demográfico 2022,,114,5117.41696989,828.074005182078,5117.41696982257
901,349,Vila Beira Rio,1,2032,Bairro Proletário do Dique,1981/08/06 00:00:00+00,114,Pavuna,25,Pavuna,3.6,Pavuna,3,2949,1056,IPP com base em IBGE - Censo Demográfico 2022,,114,123097.62773327,2762.24578666633,123097.627733486
902,350,Vila Esperança (RA - Pavuna),1,2073,Acari,1982/03/08 00:00:00+00,111,Acari,25,Pavuna,3.6,Pavuna,3,6728,2318,IPP com base em IBGE - Censo Demográfico 2022,,111,140645.7767318,2565.87237242158,140645.776731765
903,351,Vila Eugênia,1,2059,Vila Eugênia,1981/09/23 00:00:00+00,90,Marechal Hermes,15,Madureira,3.3,Madureira,3,3618,1564,IPP com base em IBGE - Censo Demográfico 2022,,090,134915.67743423,2393.70471472289,134915.677434198
904,358,Ocidental Fallet,2,0,Isolada,1981/11/04 00:00:00+00,14,Santa Teresa,23,Santa Teresa,1.1,Centro,1,587,283,IPP com base em IBGE - Censo Demográfico 2022,,014,46162.15748077,1404.51388284405,46162.1574806553
905,359,Travessa Vista Alegre,2,0,Isolada,1981/06/23 00:00:00+00,14,Santa Teresa,23,Santa Teresa,1.1,Centro,1,106,55,IPP com base em IBGE - Censo Demográfico 2022,,014,1818.88271936,194.435948886753,1818.88271943949
906,465,Abadianas,1,2089,Asa Branca,1991/08/20 00:00:00+00,115,Jacarepaguá,16,Jacarepaguá,4.1,Jacarepaguá,4,889,371,IPP com base em IBGE - Censo Demográfico 2022,,115,29113.08835893,1607.95176749286,29113.0883590934
907,352,Vila Rica de Irajá,1,2073,Acari,1982/02/18 00:00:00+00,111,Acari,25,Pavuna,3.6,Pavuna,3,11824,4668,IPP com base em IBGE - Censo Demográfico 2022,,111,332502.15066386,6059.07884779876,332502.154778086
908,353,Baronesa,1,2014,Vila Paraíso,1981/12/16 00:00:00+00,14,Santa Teresa,23,Santa Teresa,1.1,Centro,1,191,73,IPP com base em IBGE - Censo Demográfico 2022,,014,3812.5079921,282.147468235196,3812.50799202988
909,354,Francisco de Castro,2,0,Isolada,1981/12/16 00:00:00+00,14,Santa Teresa,23,Santa Teresa,1.1,Centro,1,8,4,IPP com base em IBGE - Censo Demográfico 2022,,014,1612.35510184,174.558456407513,1612.35510182393
910,355,Júlio Otoni,2,0,Isolada,1981/03/31 00:00:00+00,14,Santa Teresa,23,Santa Teresa,1.1,Centro,1,543,181,IPP com base em IBGE - Censo Demográfico 2022,,014,21225.35290263,781.50004143004,21225.3529026359
911,371,Restinga,2,0,Isolada,1981/09/25 00:00:00+00,132,Recreio dos Bandeirantes,24,Barra da Tijuca,4.2,Barra da Tijuca,4,187,111,IPP com base em IBGE - Censo Demográfico 2022,,132,14210.78859677,699.714035225379,14210.7885969049
912,362,Vista Alegre do Recreio,2,0,Isolada,1995/05/16 00:00:00+00,132,Recreio dos Bandeirantes,24,Barra da Tijuca,4.2,Barra da Tijuca,4,719,345,IPP com base em IBGE - Censo Demográfico 2022,,132,11231.42927436,533.50215536238,11231.4292741482
913,363,Beira do Canal,2,0,Isolada,1988/10/02 00:00:00+00,131,Vargem Grande,24,Barra da Tijuca,4.2,Barra da Tijuca,4,1429,557,IPP com base em IBGE - Censo Demográfico 2022,,131,61065.29640164,3597.40383761095,61065.3003949296
914,366,Caminho do Marinho,2,0,Isolada,1988/09/25 00:00:00+00,129,Camorim,24,Barra da Tijuca,4.2,Barra da Tijuca,4,849,304,IPP com base em IBGE - Censo Demográfico 2022,,129,24590.04624417,963.29996572428,24590.0462441019
915,367,Canal das Tachas,1,2105,Canal das Tachas,1988/09/25 00:00:00+00,132,Recreio dos Bandeirantes,24,Barra da Tijuca,4.2,Barra da Tijuca,4,5672,2702,IPP com base em IBGE - Censo Demográfico 2022,,132,78894.45620036,2461.68487553372,78894.4562005678
916,368,Canal do Cortado,2,0,Isolada,1981/09/25 00:00:00+00,132,Recreio dos Bandeirantes,24,Barra da Tijuca,4.2,Barra da Tijuca,4,7544,3462,IPP com base em IBGE - Censo Demográfico 2022,,132,119068.29047035,5546.31614504909,119068.287799663
917,379,Falange,1,2117,Falange,1985/04/25 00:00:00+00,142,Senador Camará,17,Bangu,5.1,Bangu,5,1481,542,IPP com base em IBGE - Censo Demográfico 2022,,142,67405.94347545,3097.02647369669,67405.9433562081
918,380,Morro do Sossego (RA - Bangu),1,2117,Falange,1985/04/25 00:00:00+00,142,Senador Camará,17,Bangu,5.1,Bangu,5,616,228,IPP com base em IBGE - Censo Demográfico 2022,,142,23900.81615679,679.405387321671,23900.8161568606
919,381,Nova Kennedy,2,0,Isolada,1985/05/14 00:00:00+00,141,Bangu,17,Bangu,5.1,Bangu,5,2782,1123,IPP com base em IBGE - Censo Demográfico 2022,,141,90761.34394554,1802.99557241704,90761.3439459779
920,382,Saibreira,2,0,Isolada,1985/05/14 00:00:00+00,142,Senador Camará,17,Bangu,5.1,Bangu,5,1524,603,IPP com base em IBGE - Censo Demográfico 2022,,142,52850.66750661,1009.18809087421,52850.667506617
921,383,Tancredo Neves (RA - Bangu),1,2117,Falange,1985/05/14 00:00:00+00,142,Senador Camará,17,Bangu,5.1,Bangu,5,220,96,IPP com base em IBGE - Censo Demográfico 2022,,142,17575.96937857,871.274739625776,17575.9693785282
922,384,Vila Jurema,2,0,Isolada,1985/04/15 00:00:00+00,139,Realengo,33,Realengo,5.1,Bangu,5,714,273,IPP com base em IBGE - Censo Demográfico 2022,,139,28494.81638583,922.840123919559,28494.8163861164
923,385,Vila Santa Luzia,2,0,Isolada,1985/04/15 00:00:00+00,139,Realengo,33,Realengo,5.1,Bangu,5,102,53,IPP com base em IBGE - Censo Demográfico 2022,,139,9855.15143388,418.265016493914,9855.15143397627
924,387,"Estrada dos Bandeirantes, nº 29.192",2,0,Isolada,1990/11/08 00:00:00+00,131,Vargem Grande,24,Barra da Tijuca,4.2,Barra da Tijuca,4,219,104,IPP com base em IBGE - Censo Demográfico 2022,,131,14222.99806829,845.101614730934,14222.9980683003
925,388,A.M. do Rio Bonito,2,0,Isolada,1995/05/16 00:00:00+00,131,Vargem Grande,24,Barra da Tijuca,4.2,Barra da Tijuca,4,580,262,IPP com base em IBGE - Censo Demográfico 2022,,131,29332.37975803,1776.67339067098,29332.3791827459
926,441,Rua São João,1,2083,Jacarezinho,1990/02/07 00:00:00+00,155,Jacarezinho,28,Jacarezinho,3.2,Méier,3,572,286,IPP com base em IBGE - Censo Demográfico 2022,,155,21511.58714616,1335.07554888118,21511.587253517
927,390,Rio Morto,2,0,Isolada,1990/11/10 00:00:00+00,131,Vargem Grande,24,Barra da Tijuca,4.2,Barra da Tijuca,4,954,400,IPP com base em IBGE - Censo Demográfico 2022,,131,27035.12168228,1808.14113665907,27035.1216824842
928,391,Parque Real,1,2119,Parque Real,1985/05/29 00:00:00+00,141,Bangu,17,Bangu,5.1,Bangu,5,2360,629,IPP com base em IBGE - Censo Demográfico 2022,,141,82232.34243508,1451.40656699802,82232.3424350446
929,392,Travessa Sta Catarina-Vila dos Minerios,1,2118,Fazenda Coqueiro,1985/05/28 00:00:00+00,141,Bangu,17,Bangu,5.1,Bangu,5,628,274,IPP com base em IBGE - Censo Demográfico 2022,,141,26436.03161186,937.941074237721,26436.0316120331
930,393,Vila Olímpia,1,2118,Fazenda Coqueiro,1985/05/28 00:00:00+00,141,Bangu,17,Bangu,5.1,Bangu,5,453,187,IPP com base em IBGE - Censo Demográfico 2022,,141,18212.00448046,679.797500377099,18212.0047928474
931,399,Vila Maria,2,0,Isolada,1983/09/01 00:00:00+00,50,Higienópolis,12,Inhaúma,3.4,Inhaúma,3,661,312,IPP com base em IBGE - Censo Demográfico 2022,,050,10791.17960714,731.431887696521,10791.1796069379
932,401,Chega Mais,1,2033,Dourados,1985/04/15 00:00:00+00,46,Cordovil,31,Vigário Geral,3.5,Penha,3,315,130,IPP com base em IBGE - Censo Demográfico 2022,,046,5351.13110477,685.931421417102,5351.13093146205
933,402,Vila Itaocara,2,0,Isolada,1985/05/02 00:00:00+00,56,Tomás Coelho,12,Inhaúma,3.4,Inhaúma,3,82,45,IPP com base em IBGE - Censo Demográfico 2022,,056,5769.39879409,497.456568847962,5769.39879418959
934,403,Parque Nova Jerusalém,1,2075,Bairro da Pedreira,1981/09/10 00:00:00+00,114,Pavuna,25,Pavuna,3.6,Pavuna,3,942,362,IPP com base em IBGE - Censo Demográfico 2022,,114,52223.69779175,1642.80095155459,52223.6977918774
935,442,Tancredo Neves (RA - Jacarezinho),1,2083,Jacarezinho,1990/02/12 00:00:00+00,155,Jacarezinho,28,Jacarezinho,3.2,Méier,3,689,320,IPP com base em IBGE - Censo Demográfico 2022,,155,12569.97739167,821.639846861663,12569.9756600667
936,444,Mourão Filho,1,2084,Complexo do Alemão,1990/02/22 00:00:00+00,156,Complexo do Alemão,29,Complexo do Alemão,3.4,Inhaúma,3,1119,454,IPP com base em IBGE - Censo Demográfico 2022,,156,18082.45898196,739.201160649677,18082.4589821855
937,404,Final Feliz II,2,0,Isolada,1987/02/02 00:00:00+00,114,Pavuna,25,Pavuna,3.6,Pavuna,3,1307,465,IPP com base em IBGE - Censo Demográfico 2022,,114,58009.49799045,2531.988418152,58009.4979904513
938,405,"Rua Embaú, nº 427",1,2079,Parque Unidos,1987/05/02 00:00:00+00,114,Pavuna,25,Pavuna,3.6,Pavuna,3,377,161,IPP com base em IBGE - Censo Demográfico 2022,,114,13619.71782509,961.29079242437,13619.7181999818
939,406,Parque Raio de Sol,1,2071,Parque Criança Esperança,1995/05/05 00:00:00+00,106,Guadalupe,22,Anchieta,3.6,Pavuna,3,1265,509,IPP com base em IBGE - Censo Demográfico 2022,,106,67364.92710113,1607.75266722882,67364.9271013295
940,410,Beira Rio - Lot. Jardim Bela Vista (RA - Campo Grande),2,0,Isolada,1988/01/02 00:00:00+00,144,Campo Grande,18,Campo Grande,5.2,Campo Grande,5,392,161,IPP com base em IBGE - Censo Demográfico 2022,,144,19991.89626673,927.635506263064,19991.8954605278
941,414,Moquiço (RA - Cidade de Deus),1,2108,Santa Efigênia,1988/08/24 00:00:00+00,118,Cidade de Deus,34,Cidade de Deus,4.1,Jacarepaguá,4,148,55,IPP com base em IBGE - Censo Demográfico 2022,,118,6404.91783623,599.43717336187,6404.91783634776
942,418,Vila Lélio Boaventura,1,2114,Vila João Lopes,1988/01/02 00:00:00+00,139,Realengo,33,Realengo,5.1,Bangu,5,457,204,IPP com base em IBGE - Censo Demográfico 2022,,139,22391.59484777,1328.4449670367,22391.5948478843
943,415,Jardim Moriçaba,2,0,Isolada,1988/01/02 00:00:00+00,145,Senador Vasconcelos,18,Campo Grande,5.2,Campo Grande,5,2149,839,IPP com base em IBGE - Censo Demográfico 2022,,145,131790.19460558,3864.92333009374,131790.194741354
944,478,Jardim Boiúna,2,0,Isolada,1991/08/13 00:00:00+00,122,Taquara,16,Jacarepaguá,4.1,Jacarepaguá,4,393,196,IPP com base em IBGE - Censo Demográfico 2022,,122,10825.61014638,472.383723173103,10825.6101462399
945,411,Rua Madagascar,1,2081,Rua da Escadinha,1987/08/02 00:00:00+00,158,Parque Colúmbia,25,Pavuna,3.6,Pavuna,3,193,77,IPP com base em IBGE - Censo Demográfico 2022,,158,6420.81503992,467.268476951966,6420.8150398052
946,416,Joaquim Magalhães,1,2127,Marcondes da Luz,1987/10/01 00:00:00+00,144,Campo Grande,18,Campo Grande,5.2,Campo Grande,5,335,143,IPP com base em IBGE - Censo Demográfico 2022,,144,21926.75850389,1002.55525210396,21926.7585037996
947,417,Vila 133,1,2114,Vila João Lopes,1988/01/02 00:00:00+00,139,Realengo,33,Realengo,5.1,Bangu,5,185,76,IPP com base em IBGE - Censo Demográfico 2022,,139,8993.10167653,623.33269083639,8993.10167631846
948,419,Morro São Sebastião,1,2114,Vila João Lopes,1988/01/02 00:00:00+00,139,Realengo,33,Realengo,5.1,Bangu,5,579,203,IPP com base em IBGE - Censo Demográfico 2022,,139,17253.58814965,1702.83791713078,17253.5881498387
949,420,Tiqui,1,2117,Falange,1988/03/01 00:00:00+00,142,Senador Camará,17,Bangu,5.1,Bangu,5,275,101,IPP com base em IBGE - Censo Demográfico 2022,,142,10208.33080902,497.273212071785,10208.330809053
950,421,Murundú,1,2119,Parque Real,1988/01/02 00:00:00+00,140,Padre Miguel,17,Bangu,5.1,Bangu,5,2195,564,IPP com base em IBGE - Censo Demográfico 2022,,140,59495.09005392,1782.9415837418,59495.0900541094
951,422,"Rua da Feira, nº 1.220",2,0,Isolada,1988/01/02 00:00:00+00,141,Bangu,17,Bangu,5.1,Bangu,5,94,47,IPP com base em IBGE - Censo Demográfico 2022,,141,6886.25911328,384.096061654422,6886.25911332276
952,434,Comunidade São Francisco de Assis,2,0,Isolada,1988/08/05 00:00:00+00,115,Jacarepaguá,16,Jacarepaguá,4.1,Jacarepaguá,4,1471,738,IPP com base em IBGE - Censo Demográfico 2022,,115,44603.53259826,2460.72541825701,44603.5325983914
953,445,Ruth Ferreira,2,0,Isolada,1991/11/30 00:00:00+00,41,Ramos,10,Ramos,3.1,Ramos,3,165,68,IPP com base em IBGE - Censo Demográfico 2022,,041,2604.08166397,367.272734204288,2604.08166405554
954,425,Comandante Luis Souto,1,2093,Comandante Luis Souto,1988/01/02 00:00:00+00,124,Praça Seca,16,Jacarepaguá,4.1,Jacarepaguá,4,2964,1270,IPP com base em IBGE - Censo Demográfico 2022,,124,224439.51895265,4258.15326838784,224439.518952563
955,426,Chacrinha do Mato Alto,1,2093,Comandante Luis Souto,1988/08/02 00:00:00+00,124,Praça Seca,16,Jacarepaguá,4.1,Jacarepaguá,4,2262,979,IPP com base em IBGE - Censo Demográfico 2022,,124,85782.9590754,1353.18726996486,85782.9590752582
956,433,Vila Pitimbu,1,2102,Vila Pitimbu,1988/07/02 00:00:00+00,115,Jacarepaguá,16,Jacarepaguá,4.1,Jacarepaguá,4,745,379,IPP com base em IBGE - Censo Demográfico 2022,,115,16529.58928622,736.543440647301,16529.5892861853
957,466,Santa Maura,2,0,Isolada,1991/07/22 00:00:00+00,115,Jacarepaguá,16,Jacarepaguá,4.1,Jacarepaguá,4,633,281,IPP com base em IBGE - Censo Demográfico 2022,,115,19529.57208949,778.396228432683,19529.5720894813
958,437,Comunidade Estação da Mangueira (Amcema),2,0,Isolada,1990/02/05 00:00:00+00,57,São Francisco Xavier,13,Méier,3.2,Méier,3,424,170,IPP com base em IBGE - Censo Demográfico 2022,,057,11213.84125059,1088.98698195795,11213.8413126376
959,427,Chácara Flora,1,2093,Comandante Luis Souto,1988/08/02 00:00:00+00,124,Praça Seca,16,Jacarepaguá,4.1,Jacarepaguá,4,3729,1674,IPP com base em IBGE - Censo Demográfico 2022,,124,179590.24335844,5375.57553863598,179590.243358647
960,428,Vila Santa Clara,1,2087,André Rocha,1988/08/12 00:00:00+00,122,Taquara,16,Jacarepaguá,4.1,Jacarepaguá,4,928,406,IPP com base em IBGE - Censo Demográfico 2022,,122,15330.43039639,680.663380397089,15330.4303964419
961,429,Curicica,1,2092,Colônia Juliano Moreira,1988/08/02 00:00:00+00,115,Jacarepaguá,16,Jacarepaguá,4.1,Jacarepaguá,4,19,9,IPP com base em IBGE - Censo Demográfico 2022,,115,2587.00799053,220.029453200013,2587.00799049057
962,430,Vila Getúlio Vargas,2,0,Isolada,1988/01/02 00:00:00+00,115,Jacarepaguá,16,Jacarepaguá,4.1,Jacarepaguá,4,35,16,IPP com base em IBGE - Censo Demográfico 2022,,115,3089.86678824,283.946752227081,3089.86678823815
963,435,Fazenda Mato Alto,1,2095,Fazenda Mato Alto,1988/08/02 00:00:00+00,124,Praça Seca,16,Jacarepaguá,4.1,Jacarepaguá,4,3592,1478,IPP com base em IBGE - Censo Demográfico 2022,,124,149360.57819642,4439.38185389781,149360.575929818
964,436,Vila São Pedro,2,0,Isolada,1990/02/13 00:00:00+00,40,Bonsucesso,10,Ramos,3.1,Ramos,3,1118,506,IPP com base em IBGE - Censo Demográfico 2022,,040,11295.96272688,769.885684041161,11295.9620797771
965,438,André Cavalcanti,2,0,Isolada,1990/02/02 00:00:00+00,14,Santa Teresa,23,Santa Teresa,1.1,Centro,1,83,37,IPP com base em IBGE - Censo Demográfico 2022,,014,3415.83653124,248.369945573199,3415.83653120425
966,439,Ladeira Santa Isabel,2,0,Isolada,1990/02/05 00:00:00+00,14,Santa Teresa,23,Santa Teresa,1.1,Centro,1,61,32,IPP com base em IBGE - Censo Demográfico 2022,,014,1536.52547145,167.686153523498,1536.52547147974
967,440,Fazenda Catete,2,0,Isolada,1990/02/01 00:00:00+00,14,Santa Teresa,23,Santa Teresa,1.1,Centro,1,899,428,IPP com base em IBGE - Censo Demográfico 2022,,014,25830.23031241,1387.44004272117,25830.2311493289
968,447,Parque Bom Menino,1,2049,Parque Bom Menino,1990/03/14 00:00:00+00,76,Irajá,14,Irajá,3.3,Madureira,3,569,214,IPP com base em IBGE - Censo Demográfico 2022,,076,14038.48967326,616.156683610546,14038.4896732283
969,464,Asa Branca,1,2089,Asa Branca,1991/09/05 00:00:00+00,115,Jacarepaguá,16,Jacarepaguá,4.1,Jacarepaguá,4,3377,1438,IPP com base em IBGE - Censo Demográfico 2022,,115,76204.17231128,1889.49870676967,76204.1723111805
970,452,"Rua Budapeste, nº 66",1,2066,"Rua Budapeste, nº 66",1988/08/02 00:00:00+00,98,Freguesia (Ilha do Governador),20,Ilha do Governador,3.7,Ilha do Governador,3,380,227,IPP com base em IBGE - Censo Demográfico 2022,,098,27633.22981941,1010.67723793207,27633.2298195147
971,453,Maestro Arturo Toscanini,1,2063,Conjunto Residencial dos Servidores,1992/01/16 00:00:00+00,101,Tauá,20,Ilha do Governador,3.7,Ilha do Governador,3,217,93,IPP com base em IBGE - Censo Demográfico 2022,,101,4875.33630412,330.7063620905,4875.33630413363
972,454,Luiz Marcelino,1,2013,Unidos de Santa Tereza,1990/02/01 00:00:00+00,14,Santa Teresa,23,Santa Teresa,1.1,Centro,1,132,48,IPP com base em IBGE - Censo Demográfico 2022,,014,4421.53745344,332.082289596576,4421.53745344151
973,455,Caeté,2,0,Isolada,1988/08/26 00:00:00+00,132,Recreio dos Bandeirantes,24,Barra da Tijuca,4.2,Barra da Tijuca,4,111,53,IPP com base em IBGE - Censo Demográfico 2022,,132,5772.84210192,557.658553583712,5772.84210181615
974,457,Vila Amizade,1,2105,Canal das Tachas,1991/08/06 00:00:00+00,132,Recreio dos Bandeirantes,24,Barra da Tijuca,4.2,Barra da Tijuca,4,1221,629,IPP com base em IBGE - Censo Demográfico 2022,,132,14969.44863237,692.548535943031,14969.4479105587
975,458,Santa Luzia,2,0,Isolada,1991/08/08 00:00:00+00,130,Vargem Pequena,24,Barra da Tijuca,4.2,Barra da Tijuca,4,1352,636,IPP com base em IBGE - Censo Demográfico 2022,,130,56698.48556128,3390.15665010262,56698.4826393068
976,459,A.M. e Amigos do Fontela,2,0,Isolada,1995/05/10 00:00:00+00,132,Recreio dos Bandeirantes,24,Barra da Tijuca,4.2,Barra da Tijuca,4,1881,730,IPP com base em IBGE - Censo Demográfico 2022,,132,114838.20893221,4062.99597755263,114838.208931589
977,467,Virgolândia,1,2102,Vila Pitimbu,1991/08/20 00:00:00+00,115,Jacarepaguá,16,Jacarepaguá,4.1,Jacarepaguá,4,335,156,IPP com base em IBGE - Censo Demográfico 2022,,115,8959.47332772,649.605416345131,8959.47332762735
978,468,Vila Calmete,1,2103,Vila União da Curicica,1991/08/08 00:00:00+00,115,Jacarepaguá,16,Jacarepaguá,4.1,Jacarepaguá,4,557,261,IPP com base em IBGE - Censo Demográfico 2022,,115,19535.34175125,1016.55721311556,19535.3417512959
979,469,Vila União da Curicica,1,2103,Vila União da Curicica,1995/05/30 00:00:00+00,119,Curicica,16,Jacarepaguá,4.1,Jacarepaguá,4,1554,684,IPP com base em IBGE - Censo Demográfico 2022,,119,38631.63455527,1511.65953678068,38631.6345551982
980,470,Santa Anastácia,2,0,Isolada,1991/08/22 00:00:00+00,122,Taquara,16,Jacarepaguá,4.1,Jacarepaguá,4,1549,637,IPP com base em IBGE - Censo Demográfico 2022,,122,37379.27656379,3884.75688473327,37379.2765633829
981,471,Santa Efigênia,1,2108,Santa Efigênia,1991/07/22 00:00:00+00,118,Cidade de Deus,34,Cidade de Deus,4.1,Jacarepaguá,4,1431,566,IPP com base em IBGE - Censo Demográfico 2022,,118,45704.55443302,1190.95958924391,45704.5544330975
982,472,André Rocha,1,2087,André Rocha,1991/08/19 00:00:00+00,122,Taquara,16,Jacarepaguá,4.1,Jacarepaguá,4,993,400,IPP com base em IBGE - Censo Demográfico 2022,,122,25722.79611061,852.060109913212,25722.7961105882
983,474,Alto Bela Vista,2,0,Isolada,1991/08/02 00:00:00+00,122,Taquara,16,Jacarepaguá,4.1,Jacarepaguá,4,1551,653,IPP com base em IBGE - Censo Demográfico 2022,,122,30112.3469948,991.717981924637,30112.3469949557
984,475,Vila Clarim,2,0,Isolada,1991/08/13 00:00:00+00,122,Taquara,16,Jacarepaguá,4.1,Jacarepaguá,4,207,88,IPP com base em IBGE - Censo Demográfico 2022,,122,4592.05418797,293.033978864128,4592.05418791785
985,476,A.M. e Comunidade Nª. Sª. de Fátima,1,2100,Shangrilá,1995/05/30 00:00:00+00,122,Taquara,16,Jacarepaguá,4.1,Jacarepaguá,4,258,160,IPP com base em IBGE - Censo Demográfico 2022,,122,14586.40996772,573.820623504852,14586.4099676362
986,477,Santa Maria,2,0,Isolada,1991/10/03 00:00:00+00,115,Jacarepaguá,16,Jacarepaguá,4.1,Jacarepaguá,4,2539,1248,IPP com base em IBGE - Censo Demográfico 2022,,115,163745.7970948,5494.61872287301,163745.797509373
987,502,Vila Capelinha,2,0,Isolada,1991/11/25 00:00:00+00,138,Magalhães Bastos,33,Realengo,5.1,Bangu,5,379,154,IPP com base em IBGE - Censo Demográfico 2022,,138,7430.92331205,380.926089593193,7430.92331204221
988,479,Morro Bela Vista,1,2097,Morro Bela Vista,1991/08/01 00:00:00+00,123,Tanque,16,Jacarepaguá,4.1,Jacarepaguá,4,1326,608,IPP com base em IBGE - Censo Demográfico 2022,,123,89843.60634633,1991.39417156269,89843.6063464132
989,480,Inácio Dias (RA - Jacarepaguá),1,2097,Morro Bela Vista,1991/08/20 00:00:00+00,120,Freguesia (Jacarepaguá),16,Jacarepaguá,4.1,Jacarepaguá,4,474,206,IPP com base em IBGE - Censo Demográfico 2022,,120,46987.76569684,2031.95624253745,46987.7656970639
990,481,Morro do Juca,1,2054,Morro do Juca,1991/11/04 00:00:00+00,82,Cascadura,15,Madureira,3.3,Madureira,3,744,409,IPP com base em IBGE - Censo Demográfico 2022,,082,35389.99642844,764.391808345271,35389.9964286288
991,482,Condomínio Paco do Lumiar,1,2094,Condomínio Paco do Lumiar,1991/07/23 00:00:00+00,121,Pechincha,16,Jacarepaguá,4.1,Jacarepaguá,4,812,342,IPP com base em IBGE - Censo Demográfico 2022,,121,16904.66645491,585.575169357977,16904.6664548315
992,483,Jardim do Carmo,2,0,Isolada,1991/11/12 00:00:00+00,72,Vila Kosmos,14,Irajá,3.3,Madureira,3,2232,920,IPP com base em IBGE - Censo Demográfico 2022,,072,100276.38624455,3185.74591072772,100276.38624419
993,487,Parque Rio D'Ouro,2,0,Isolada,1991/11/18 00:00:00+00,76,Irajá,14,Irajá,3.3,Madureira,3,1172,468,IPP com base em IBGE - Censo Demográfico 2022,,076,37946.88686666,2192.03357036459,37946.8868671981
994,484,Vila Pequirí,1,2030,Morro da Guaíba,1991/11/19 00:00:00+00,45,Brás de Pina,11,Penha,3.5,Penha,3,1285,680,IPP com base em IBGE - Censo Demográfico 2022,,045,48348.296347,1308.87088732391,48348.2963469561
995,485,Parque Alvorada,1,2084,Complexo do Alemão,1989/01/04 00:00:00+00,156,Complexo do Alemão,29,Complexo do Alemão,3.4,Inhaúma,3,8140,3435,IPP com base em IBGE - Censo Demográfico 2022,,156,332431.31517428,5012.68880266162,332431.31443721
996,486,Vila Vitória (RA - Campo Grande),1,2133,Vila Vitória (RA-Campo Grande),1991/12/03 00:00:00+00,144,Campo Grande,18,Campo Grande,5.2,Campo Grande,5,1592,651,IPP com base em IBGE - Censo Demográfico 2022,,144,91761.54751734,2322.4428572696,91761.5475170545
997,488,Parque Conquista,2,0,Isolada,1990/02/21 00:00:00+00,4,Caju,1,Portuária,1.1,Centro,1,1334,551,IPP com base em IBGE - Censo Demográfico 2022,,004,24035.91282524,1686.34353877834,24035.9122750765
998,489,Vila Matinoré,1,2083,Jacarezinho,1991/10/19 00:00:00+00,155,Jacarezinho,28,Jacarezinho,3.2,Méier,3,157,60,IPP com base em IBGE - Censo Demográfico 2022,,155,5204.05290126,466.997417671371,5204.05290128104
999,490,Vila Jandira,1,2083,Jacarezinho,1991/11/04 00:00:00+00,155,Jacarezinho,28,Jacarezinho,3.2,Méier,3,325,132,IPP com base em IBGE - Censo Demográfico 2022,,155,11150.05248037,507.902102333317,11150.0524803841
1000,491,Carlos Drumond de Andrade,1,2083,Jacarezinho,1991/11/14 00:00:00+00,155,Jacarezinho,28,Jacarezinho,3.2,Méier,3,297,132,IPP com base em IBGE - Censo Demográfico 2022,,155,6316.66313759,361.375127579313,6316.66313759466
1001,492,Morro do Andaraí,1,2025,Andaraí,1990/02/19 00:00:00+00,37,Andaraí,9,Vila Isabel,2.2,Tijuca,2,1693,707,IPP com base em IBGE - Censo Demográfico 2022,,037,82676.51529933,1802.34862571208,82676.515299448
1002,493,Parque Chp,2,0,Isolada,1992/01/02 00:00:00+00,46,Cordovil,31,Vigário Geral,3.5,Penha,3,183,72,IPP com base em IBGE - Censo Demográfico 2022,,046,6996.39560548,375.18060910687,6996.39560543436
1003,494,Rua Mirataia,2,0,Isolada,1991/07/09 00:00:00+00,122,Taquara,16,Jacarepaguá,4.1,Jacarepaguá,4,67,31,IPP com base em IBGE - Censo Demográfico 2022,,122,4681.75912894,393.525674899252,4681.75912897101
1004,495,Portugal Pequeno,2,0,Isolada,1991/08/20 00:00:00+00,122,Taquara,16,Jacarepaguá,4.1,Jacarepaguá,4,90,42,IPP com base em IBGE - Censo Demográfico 2022,,122,6224.08225569,426.925031683773,6224.08225543259
1005,498,Vila Vitória (RA - São Cristóvão),2,0,Isolada,1991/10/04 00:00:00+00,12,Benfica,7,São Cristóvão,1.1,Centro,1,106,56,IPP com base em IBGE - Censo Demográfico 2022,,012,2327.92955786,229.907152814448,2327.92955790795
1006,501,Roberto Morena,1,2139,Três Pontes,1991/12/13 00:00:00+00,148,Paciência,19,Santa Cruz,5.3,Santa Cruz,5,1138,424,IPP com base em IBGE - Censo Demográfico 2022,,148,68737.19207763,1402.33793870625,68737.1916456692
1007,503,Beira Rio (RA - Realengo),2,0,Isolada,1991/10/17 00:00:00+00,139,Realengo,33,Realengo,5.1,Bangu,5,156,75,IPP com base em IBGE - Censo Demográfico 2022,,139,8544.36934011,988.564333718384,8544.36934007069
1008,504,Minha Deusa,2,0,Isolada,1991/09/03 00:00:00+00,141,Bangu,17,Bangu,5.1,Bangu,5,431,198,IPP com base em IBGE - Censo Demográfico 2022,,141,21130.73724124,1769.7751491359,21130.7361140109
1009,505,Vila Piquirobi,1,2116,Alto Kennedy,1991/09/24 00:00:00+00,141,Bangu,17,Bangu,5.1,Bangu,5,221,102,IPP com base em IBGE - Censo Demográfico 2022,,141,12070.43634799,688.189332407592,12070.4363480178
1010,506,Vila João Lopes,1,2114,Vila João Lopes,1995/06/01 00:00:00+00,139,Realengo,33,Realengo,5.1,Bangu,5,2263,878,IPP com base em IBGE - Censo Demográfico 2022,,139,64068.51315577,1141.35178423721,64068.5131557439
1011,514,Rua Cônego Boucher Pinto,1,2050,Barreira do Juca,1991/11/18 00:00:00+00,87,Honório Gurgel,15,Madureira,3.3,Madureira,3,485,230,IPP com base em IBGE - Censo Demográfico 2022,,087,13061.27331062,996.904777926199,13061.2733106218
1012,515,Vila Jardim Novo Realengo,2,0,Isolada,1991/09/23 00:00:00+00,139,Realengo,33,Realengo,5.1,Bangu,5,307,123,IPP com base em IBGE - Censo Demográfico 2022,,139,4830.55455405,362.514254902067,4830.5545540283
1013,525,Rua do Canal,1,2059,Vila Eugênia,1991/10/10 00:00:00+00,90,Marechal Hermes,15,Madureira,3.3,Madureira,3,603,245,IPP com base em IBGE - Censo Demográfico 2022,,090,21346.55351828,1238.08324412832,21346.5535182958
1014,507,Bairro Santo André,1,2120,Tibagi,1991/10/03 00:00:00+00,142,Senador Camará,17,Bangu,5.1,Bangu,5,3524,1578,IPP com base em IBGE - Censo Demográfico 2022,,142,175263.36442679,3710.45191374057,175263.364190615
1015,508,Jardim Bárbara,2,0,Isolada,1991/11/12 00:00:00+00,112,Barros Filho,25,Pavuna,3.6,Pavuna,3,140,63,IPP com base em IBGE - Censo Demográfico 2022,,112,7474.77786965,408.56240563316,7474.77786964607
1016,509,São Bento,1,2122,Vila Porta do Céu,1993/05/01 00:00:00+00,141,Bangu,17,Bangu,5.1,Bangu,5,90,39,IPP com base em IBGE - Censo Demográfico 2022,,141,4822.1154435,355.728397594354,4822.11614746162
1017,510,Rua do Encanamento,1,2059,Vila Eugênia,1991/10/14 00:00:00+00,90,Marechal Hermes,15,Madureira,3.3,Madureira,3,741,321,IPP com base em IBGE - Censo Demográfico 2022,,090,25473.7870698,1395.08140174409,25473.7938572162
1018,511,Parque Rafael de Oliveira,1,2059,Vila Eugênia,1991/09/03 00:00:00+00,106,Guadalupe,22,Anchieta,3.6,Pavuna,3,244,159,IPP com base em IBGE - Censo Demográfico 2022,,106,12678.6367748,819.191017389272,12678.636774973
1019,513,Rafael de Oliveira,1,2059,Vila Eugênia,1993/05/03 00:00:00+00,106,Guadalupe,22,Anchieta,3.6,Pavuna,3,116,53,IPP com base em IBGE - Censo Demográfico 2022,,106,3725.21286741,450.561859120266,3725.21286730226
1020,527,Luiza Regadas,1,2063,Conjunto Residencial dos Servidores,1988/01/02 00:00:00+00,97,Bancários,20,Ilha do Governador,3.7,Ilha do Governador,3,426,178,IPP com base em IBGE - Censo Demográfico 2022,,097,7466.14250869,547.038840321736,7466.14250860493
1021,516,Vila do Almirante,2,0,Isolada,1991/09/16 00:00:00+00,139,Realengo,33,Realengo,5.1,Bangu,5,1147,454,IPP com base em IBGE - Censo Demográfico 2022,,139,44051.69911739,2331.10597671374,44051.6991175142
1022,517,Parque Esperança (RA - Campo Grande),2,0,Isolada,1991/12/05 00:00:00+00,144,Campo Grande,18,Campo Grande,5.2,Campo Grande,5,1651,669,IPP com base em IBGE - Censo Demográfico 2022,,144,62706.3854917,1633.74812942617,62706.3854915232
1023,518,Vila Esperança de Guadalupe,1,2059,Vila Eugênia,1991/10/03 00:00:00+00,106,Guadalupe,22,Anchieta,3.6,Pavuna,3,2310,913,IPP com base em IBGE - Censo Demográfico 2022,,106,79961.16779507,2070.34039676126,79961.1677949354
1024,519,Vila Moreti,1,2118,Fazenda Coqueiro,1991/10/15 00:00:00+00,141,Bangu,17,Bangu,5.1,Bangu,5,2117,823,IPP com base em IBGE - Censo Demográfico 2022,,141,80490.9258572,1521.2093520287,80490.9258570431
1025,521,Vila Nova (RA - Realengo),2,0,Isolada,1993/05/03 00:00:00+00,139,Realengo,33,Realengo,5.1,Bangu,5,205,92,IPP com base em IBGE - Censo Demográfico 2022,,139,7490.16217428,366.565217531106,7490.16217429627
1026,523,Bairro Carumbé,2,0,Isolada,1991/11/12 00:00:00+00,139,Realengo,33,Realengo,5.1,Bangu,5,894,354,IPP com base em IBGE - Censo Demográfico 2022,,139,24384.75092435,638.158029729733,24384.7509243225
1027,524,Maranata,1,2059,Vila Eugênia,1991/08/22 00:00:00+00,106,Guadalupe,22,Anchieta,3.6,Pavuna,3,92,40,IPP com base em IBGE - Censo Demográfico 2022,,106,2287.50835278,395.266954169859,2287.50835257192
1028,528,Caminho da Reta,2,0,Isolada,1991/11/25 00:00:00+00,90,Marechal Hermes,15,Madureira,3.3,Madureira,3,1212,487,IPP com base em IBGE - Censo Demográfico 2022,,090,86123.4057292,1607.25940301323,86123.4038484261
1029,163,Bairro Ouro Preto,1,2040,Bairro Ouro Preto,1981/10/01 00:00:00+00,62,Lins de Vasconscelos,13,Méier,3.2,Méier,3,2202,1077,IPP com base em IBGE - Censo Demográfico 2022,,062,205696.5424976,6165.11531097164,205696.544286933
1030,40,Vila Benjamim Constant,2,0,Isolada,1981/06/25 00:00:00+00,22,Urca,4,Botafogo,2.1,Zona Sul,2,402,159,IPP com base em IBGE - Censo Demográfico 2022,,022,12641.19846846,462.986308088789,12641.1984685433
1031,105,Parque União,1,2085,Maré,1986/01/10 00:00:00+00,157,Maré,30,Complexo da Maré,3.1,Ramos,3,16633,7948,IPP com base em IBGE - Censo Demográfico 2022,,157,225173.22373247,2004.09184105981,225173.22373272
1032,96,Nova Holanda,1,2085,Maré,1986/01/10 00:00:00+00,157,Maré,30,Complexo da Maré,3.1,Ramos,3,12335,5221,IPP com base em IBGE - Censo Demográfico 2022,,157,150187.38301789,2196.72003341854,150187.383017889
1033,84,Baixa do Sapateiro,1,2085,Maré,1986/01/10 00:00:00+00,157,Maré,30,Complexo da Maré,3.1,Ramos,3,6860,3159,IPP com base em IBGE - Censo Demográfico 2022,,157,123317.52004233,2159.96299623868,123317.520042268
1034,97,Paraibuna,2,0,Isolada,1986/01/10 00:00:00+00,157,Maré,30,Complexo da Maré,3.1,Ramos,3,124,46,IPP com base em IBGE - Censo Demográfico 2022,,157,2464.15047267,451.862734310158,2464.15047275438
1035,90,Parque Maré,1,2085,Maré,1986/01/10 00:00:00+00,157,Maré,30,Complexo da Maré,3.1,Ramos,3,9678,4649,IPP com base em IBGE - Censo Demográfico 2022,,157,142264.01555831,2291.1688149136,142264.015558755
1036,88,Joana Nascimento,2,0,Isolada,1986/01/10 00:00:00+00,157,Maré,30,Complexo da Maré,3.1,Ramos,3,31,17,IPP com base em IBGE - Censo Demográfico 2022,,157,2367.83204222,194.821555724316,2367.8320422377
1037,47,Barreira do Vasco,2,0,Isolada,1981/03/12 00:00:00+00,158,Vasco da Gama,7,São Cristóvão,1.1,Centro,1,7927,3620,IPP com base em IBGE - Censo Demográfico 2022,,159,112814.12361678,1927.89181586732,112814.123616694
1038,103,Parque Roquete Pinto,1,2086,Parque Roquete Pinto,1986/01/10 00:00:00+00,157,Maré,30,Complexo da Maré,3.1,Ramos,3,7603,3149,IPP com base em IBGE - Censo Demográfico 2022,,157,94691.32902708,1849.04478466427,94691.3290270143
1039,106,Ramos,1,2086,Parque Roquete Pinto,1988/01/01 00:00:00+00,157,Maré,30,Complexo da Maré,3.1,Ramos,3,3004,1290,IPP com base em IBGE - Censo Demográfico 2022,,157,39887.82553829,1192.96135909577,39887.8255384148
1040,108,Timbau,1,2085,Maré,1986/01/10 00:00:00+00,157,Maré,30,Complexo da Maré,3.1,Ramos,3,4487,2387,IPP com base em IBGE - Censo Demográfico 2022,,157,124926.11939601,2027.59914451842,124926.119395845
1041,413,Rua do Barro,1,2081,Rua da Escadinha,1987/02/02 00:00:00+00,158,Parque Colúmbia,25,Pavuna,3.6,Pavuna,3,66,21,IPP com base em IBGE - Censo Demográfico 2022,,158,4312.53433771,460.596311638019,4312.53433765316
1042,344,Parque Unidos,1,2079,Parque Unidos,1981/09/21 00:00:00+00,158,Parque Colúmbia,25,Pavuna,3.6,Pavuna,3,2246,809,IPP com base em IBGE - Censo Demográfico 2022,,158,92152.97520696,2713.27918780557,92152.9758004832
1043,412,Rua da Escadinha,1,2081,Rua da Escadinha,1987/02/02 00:00:00+00,158,Parque Colúmbia,25,Pavuna,3.6,Pavuna,3,185,82,IPP com base em IBGE - Censo Demográfico 2022,,158,8426.05528892,801.974940017795,8426.05528874886
1044,534,Rodo,1,2006,Turano,1991/10/17 00:00:00+00,7,Rio Comprido,3,Rio Comprido,1.1,Centro,1,391,208,IPP com base em IBGE - Censo Demográfico 2022,,007,20732.55083094,860.550961920259,20732.5508308463
1045,14,Morro do Escondidinho,1,2012,Morro dos Prazeres,1981/01/02 00:00:00+00,14,Santa Teresa,23,Santa Teresa,1.1,Centro,1,1354,648,IPP com base em IBGE - Censo Demográfico 2022,,014,27099.21803354,883.143937309772,27099.2180334753
1046,16,Parque Rebouças,1,2008,Vila Santa Alexandrina,1981/06/08 00:00:00+00,7,Rio Comprido,3,Rio Comprido,1.1,Centro,1,53,20,IPP com base em IBGE - Censo Demográfico 2022,,007,2391.91600254,235.275883154207,2391.91600255095
1047,17,Paula Ramos,1,2008,Vila Santa Alexandrina,1981/12/09 00:00:00+00,7,Rio Comprido,3,Rio Comprido,1.1,Centro,1,198,97,IPP com base em IBGE - Censo Demográfico 2022,,007,5829.55692324,422.483030334735,5829.55692339469
1048,19,Santa Alexandrina,1,2008,Vila Santa Alexandrina,1981/12/16 00:00:00+00,7,Rio Comprido,3,Rio Comprido,1.1,Centro,1,319,119,IPP com base em IBGE - Censo Demográfico 2022,,007,15882.59576945,692.145619490369,15882.5957694647
1049,20,Sumaré,1,2006,Turano,1981/08/27 00:00:00+00,7,Rio Comprido,3,Rio Comprido,1.1,Centro,1,975,410,IPP com base em IBGE - Censo Demográfico 2022,,007,48869.65256632,1572.31266753936,48869.6525663035
1050,21,Vila Anchieta,1,2007,Vila Anchieta,1981/08/24 00:00:00+00,7,Rio Comprido,3,Rio Comprido,1.1,Centro,1,1121,460,IPP com base em IBGE - Censo Demográfico 2022,,007,37058.72771365,986.338514296709,37058.7277134423
1051,22,Vila Santa Alexandrina,1,2008,Vila Santa Alexandrina,1981/12/16 00:00:00+00,7,Rio Comprido,3,Rio Comprido,1.1,Centro,1,497,187,IPP com base em IBGE - Censo Demográfico 2022,,007,18987.27625257,841.900461324857,18987.2762524967
1052,29,Morro Santa Marta,2,0,Isolada,1981/11/03 00:00:00+00,20,Botafogo,4,Botafogo,2.1,Zona Sul,2,3854,1481,IPP com base em IBGE - Censo Demográfico 2022,,020,57814.57199351,1159.3596658209,57814.5719936271
1053,31,Vila Cândido,1,2015,Guararapes,1981/06/26 00:00:00+00,19,Cosme Velho,4,Botafogo,2.1,Zona Sul,2,1084,389,IPP com base em IBGE - Censo Demográfico 2022,,019,27178.00596317,863.956768005053,27178.0064338089
1054,46,Vila Parque da Cidade,2,0,Isolada,1981/08/03 00:00:00+00,29,Gávea,6,Lagoa,2.1,Zona Sul,2,2036,952,IPP com base em IBGE - Censo Demográfico 2022,,029,40746.0978564,1016.98011808015,40746.0978565719
1055,63,Coréia (RA - Tijuca),2,0,Isolada,1988/08/02 00:00:00+00,33,Tijuca,8,Tijuca,2.2,Tijuca,2,393,154,IPP com base em IBGE - Censo Demográfico 2022,,033,18692.37370459,1135.89044231888,18692.3737047135
1056,64,Doutor Catrambi,2,0,Isolada,1981/05/23 00:00:00+00,34,Alto da Boa Vista,8,Tijuca,2.2,Tijuca,2,220,107,IPP com base em IBGE - Censo Demográfico 2022,,034,15461.17706483,863.423744641899,15461.1770647722
1057,71,Morro da Formiga,2,0,Isolada,1982/04/19 00:00:00+00,33,Tijuca,8,Tijuca,2.2,Tijuca,2,2740,991,IPP com base em IBGE - Censo Demográfico 2022,,033,199923.97900686,4059.17746216905,199923.979007495
1058,72,Morro da Liberdade,1,2006,Turano,1981/03/26 00:00:00+00,33,Tijuca,8,Tijuca,2.2,Tijuca,2,2841,1197,IPP com base em IBGE - Censo Demográfico 2022,,033,111028.11923675,3729.83023170144,111028.119236695
1059,94,Morro do Cariri,1,2031,Penha,1981/05/25 00:00:00+00,42,Olaria,10,Ramos,3.1,Ramos,3,6366,2755,IPP com base em IBGE - Censo Demográfico 2022,,042,199400.47906191,2775.27796992473,199400.479062068
1060,93,Morro do Alemão,1,2084,Complexo do Alemão,1981/04/27 00:00:00+00,156,Complexo do Alemão,29,Complexo do Alemão,3.4,Inhaúma,3,10622,4482,IPP com base em IBGE - Censo Demográfico 2022,,156,519949.33802208,8709.88429016408,519949.336979081
1061,114,Brás de Pina,2,0,Isolada,1993/04/28 00:00:00+00,45,Brás de Pina,11,Penha,3.5,Penha,3,4544,2173,IPP com base em IBGE - Censo Demográfico 2022,,045,150854.174175,1935.39814978476,150854.174174896
1062,115,Centro Social Marcílio Dias,2,0,Isolada,1993/04/28 00:00:00+00,44,Penha Circular,11,Penha,3.5,Penha,3,1305,662,IPP com base em IBGE - Censo Demográfico 2022,,044,47838.08097182,1709.41190023089,47838.0809719904
1063,172,Joaquim Méier,2,0,Isolada,1981/08/05 00:00:00+00,63,Méier,13,Méier,3.2,Méier,3,273,112,IPP com base em IBGE - Censo Demográfico 2022,,063,4739.51360838,341.584877778532,4739.51360842278
1064,446,Vila Pedra Bonita,1,2020,Vila Canoas,1990/02/16 00:00:00+00,31,São Conrado,6,Lagoa,2.1,Zona Sul,2,504,206,IPP com base em IBGE - Censo Demográfico 2022,,031,10868.82247379,560.007384056331,10868.822473762
1065,375,Vila Canoas,1,2020,Vila Canoas,1981/09/22 00:00:00+00,31,São Conrado,6,Lagoa,2.1,Zona Sul,2,1008,449,IPP com base em IBGE - Censo Demográfico 2022,,031,10561.84158972,651.926563936253,10561.8415896072
1066,356,Morro da Coroa,2,0,Isolada,1981/12/23 00:00:00+00,14,Santa Teresa,23,Santa Teresa,1.1,Centro,1,2952,1375,IPP com base em IBGE - Censo Demográfico 2022,,014,82184.44799953,1641.03766328886,82184.4479993501
1067,357,Morro dos Prazeres,1,2012,Morro dos Prazeres,1981/12/12 00:00:00+00,14,Santa Teresa,23,Santa Teresa,1.1,Centro,1,1895,787,IPP com base em IBGE - Censo Demográfico 2022,,014,51112.10933452,1651.26754259296,51112.109334523
1068,360,Unidos de Santa Tereza,1,2013,Unidos de Santa Tereza,1981/07/09 00:00:00+00,7,Rio Comprido,3,Rio Comprido,1.1,Centro,1,2642,1114,IPP com base em IBGE - Censo Demográfico 2022,,007,112951.22373481,3790.92505678719,112951.223734626
1069,451,Vila Joaniza,1,2067,Vila Joaniza,1990/03/13 00:00:00+00,104,Galeão,20,Ilha do Governador,3.7,Ilha do Governador,3,9570,4504,IPP com base em IBGE - Censo Demográfico 2022,,104,319567.33392725,5698.63156283511,319567.333693863
1070,830,Estrada do Pedregoso (próxima à Estrada do Mendanha),2,0,Isolada,2009/01/15 00:00:00+00,144,Campo Grande,18,Campo Grande,5.2,Campo Grande,5,6,3,IPP com base em IBGE - Censo Demográfico 2022,,144,6081.37688479,412.202680424039,6081.37514621531
1071,24,Guararapes,1,2015,Guararapes,1981/02/01 00:00:00+00,19,Cosme Velho,4,Botafogo,2.1,Zona Sul,2,779,260,IPP com base em IBGE - Censo Demográfico 2022,,019,28590.90176169,1062.69916915832,28590.9017617984
1072,653,Águia Dourada,1,2067,Vila Joaniza,2002/04/11 00:00:00+00,104,Galeão,20,Ilha do Governador,3.7,Ilha do Governador,3,1567,639,IPP com base em IBGE - Censo Demográfico 2022,,104,77186.46323068,1737.67905322427,77186.4633854656
